-0.46259,-1.8957,1.4356,-1.3649,-1.2384,1.1156
-0.46363,-1.8947,1.4343,-1.3617,-1.2366,1.114
-0.46464,-1.8938,1.4329,-1.3586,-1.2348,1.1124
-0.46563,-1.8928,1.4317,-1.3556,-1.233,1.1109
-0.46658,-1.8919,1.4304,-1.3527,-1.2313,1.1094
-0.4675,-1.8911,1.4292,-1.3498,-1.2297,1.1079
-0.4684,-1.8902,1.428,-1.347,-1.2281,1.1065
-0.46927,-1.8893,1.4268,-1.3443,-1.2266,1.1051
-0.47011,-1.8885,1.4257,-1.3416,-1.2251,1.1038
-0.47093,-1.8877,1.4246,-1.339,-1.2236,1.1025
-0.47172,-1.8869,1.4235,-1.3365,-1.2222,1.1013
-0.47249,-1.8862,1.4225,-1.334,-1.2208,1.1
-0.47324,-1.8854,1.4214,-1.3316,-1.2195,1.0989
-0.47396,-1.8847,1.4204,-1.3293,-1.2182,1.0977
-0.47466,-1.884,1.4194,-1.327,-1.217,1.0966
-0.47534,-1.8832,1.4185,-1.3247,-1.2158,1.0955
-0.476,-1.8826,1.4175,-1.3225,-1.2146,1.0944
-0.47664,-1.8819,1.4166,-1.3204,-1.2135,1.0934
-0.47725,-1.8812,1.4157,-1.3183,-1.2123,1.0924
-0.47785,-1.8806,1.4148,-1.3163,-1.2113,1.0914
-0.47843,-1.8799,1.4139,-1.3142,-1.2102,1.0905
-0.479,-1.8793,1.413,-1.3123,-1.2092,1.0895
-0.47954,-1.8787,1.4122,-1.3104,-1.2083,1.0886
-0.48008,-1.8781,1.4114,-1.3085,-1.2073,1.0878
-0.48059,-1.8775,1.4106,-1.3066,-1.2064,1.0869
-0.48109,-1.8769,1.4098,-1.3048,-1.2055,1.0861
-0.48158,-1.8763,1.409,-1.303,-1.2046,1.0852
-0.48205,-1.8757,1.4082,-1.3012,-1.2038,1.0844
-0.48251,-1.8751,1.4074,-1.2995,-1.2029,1.0837
-0.48296,-1.8746,1.4066,-1.2978,-1.2021,1.0829
-0.4834,-1.874,1.4059,-1.2961,-1.2014,1.0822
-0.48382,-1.8734,1.4051,-1.2945,-1.2006,1.0814
-0.48424,-1.8729,1.4044,-1.2928,-1.1998,1.0807
-0.48465,-1.8724,1.4037,-1.2912,-1.1991,1.08
-0.48505,-1.8718,1.4029,-1.2896,-1.1984,1.0793
-0.48544,-1.8713,1.4022,-1.288,-1.1977,1.0786
-0.48582,-1.8707,1.4015,-1.2864,-1.197,1.0779
-0.4862,-1.8702,1.4008,-1.2848,-1.1963,1.0773
-0.48657,-1.8696,1.4,-1.2832,-1.1957,1.0766
-0.48693,-1.8691,1.3993,-1.2816,-1.195,1.0759
-0.4873,-1.8686,1.3986,-1.2801,-1.1944,1.0753
-0.48765,-1.868,1.3979,-1.2785,-1.1937,1.0746
-0.48801,-1.8675,1.3972,-1.2769,-1.1931,1.074
-0.48836,-1.8669,1.3964,-1.2753,-1.1925,1.0733
-0.48871,-1.8664,1.3957,-1.2737,-1.1918,1.0727
-0.48906,-1.8658,1.395,-1.2722,-1.1912,1.0721
-0.4894,-1.8652,1.3942,-1.2705,-1.1906,1.0714
-0.48975,-1.8647,1.3935,-1.2689,-1.19,1.0708
-0.4901,-1.8641,1.3927,-1.2673,-1.1893,1.0701
-0.49045,-1.8635,1.392,-1.2657,-1.1887,1.0695
-0.4908,-1.8629,1.3912,-1.264,-1.1881,1.0688
-0.49116,-1.8623,1.3904,-1.2623,-1.1874,1.0681
-0.49152,-1.8617,1.3896,-1.2606,-1.1868,1.0675
-0.49188,-1.8611,1.3888,-1.2589,-1.1861,1.0668
-0.49225,-1.8605,1.388,-1.2571,-1.1855,1.0661
-0.49261,-1.8599,1.3872,-1.2553,-1.1848,1.0654
-0.49298,-1.8592,1.3863,-1.2535,-1.1842,1.0647
-0.49335,-1.8585,1.3855,-1.2517,-1.1835,1.064
-0.49373,-1.8579,1.3846,-1.2499,-1.1828,1.0633
-0.4941,-1.8572,1.3837,-1.248,-1.1822,1.0625
-0.49447,-1.8565,1.3828,-1.2461,-1.1815,1.0618
-0.49485,-1.8558,1.3819,-1.2441,-1.1808,1.0611
-0.49522,-1.8551,1.381,-1.2422,-1.1802,1.0604
-0.4956,-1.8543,1.38,-1.2402,-1.1795,1.0596
-0.49597,-1.8536,1.379,-1.2381,-1.1788,1.0589
-0.49634,-1.8528,1.3781,-1.2361,-1.1782,1.0582
-0.49671,-1.8521,1.3771,-1.234,-1.1775,1.0574
-0.49708,-1.8513,1.376,-1.2319,-1.1769,1.0567
-0.49745,-1.8504,1.375,-1.2297,-1.1762,1.0559
-0.49781,-1.8496,1.3739,-1.2275,-1.1756,1.0552
-0.49817,-1.8488,1.3728,-1.2253,-1.1749,1.0544
-0.49853,-1.8479,1.3717,-1.223,-1.1743,1.0537
-0.49888,-1.847,1.3706,-1.2207,-1.1737,1.0529
-0.49923,-1.8461,1.3694,-1.2184,-1.173,1.0522
-0.49958,-1.8452,1.3682,-1.216,-1.1724,1.0514
-0.49992,-1.8443,1.367,-1.2136,-1.1718,1.0507
-0.50026,-1.8433,1.3658,-1.2111,-1.1712,1.0499
-0.50059,-1.8423,1.3646,-1.2086,-1.1706,1.0492
-0.50092,-1.8413,1.3633,-1.2061,-1.17,1.0485
-0.50124,-1.8403,1.362,-1.2035,-1.1695,1.0477
-0.50155,-1.8393,1.3607,-1.2009,-1.1689,1.047
-0.50186,-1.8383,1.3593,-1.1983,-1.1683,1.0463
-0.50216,-1.8372,1.358,-1.1957,-1.1678,1.0455
-0.50246,-1.8361,1.3566,-1.193,-1.1673,1.0448
-0.50275,-1.8351,1.3552,-1.1903,-1.1667,1.0441
-0.50303,-1.834,1.3538,-1.1877,-1.1662,1.0434
-0.5033,-1.8329,1.3524,-1.185,-1.1657,1.0427
-0.50357,-1.8318,1.351,-1.1823,-1.1653,1.042
-0.50384,-1.8307,1.3496,-1.1796,-1.1648,1.0413
-0.50409,-1.8296,1.3482,-1.1769,-1.1643,1.0407
-0.50434,-1.8285,1.3468,-1.1742,-1.1639,1.04
-0.50458,-1.8274,1.3454,-1.1715,-1.1634,1.0394
-0.50481,-1.8263,1.344,-1.1689,-1.163,1.0387
-0.50503,-1.8252,1.3426,-1.1662,-1.1626,1.0381
-0.50525,-1.8241,1.3412,-1.1636,-1.1622,1.0375
-0.50546,-1.823,1.3398,-1.1611,-1.1619,1.0369
-0.50566,-1.822,1.3385,-1.1585,-1.1615,1.0364
-0.50585,-1.8209,1.3371,-1.156,-1.1611,1.0358
-0.50604,-1.8199,1.3358,-1.1535,-1.1608,1.0353
-0.50621,-1.8189,1.3345,-1.1511,-1.1605,1.0347
-0.50638,-1.8178,1.3332,-1.1487,-1.1602,1.0342
-0.50653,-1.8169,1.332,-1.1464,-1.1599,1.0338
-0.50668,-1.8159,1.3307,-1.1441,-1.1596,1.0333
-0.50682,-1.8149,1.3295,-1.1419,-1.1594,1.0329
-0.50695,-1.814,1.3283,-1.1397,-1.1592,1.0324
-0.50707,-1.8131,1.3272,-1.1376,-1.1589,1.032
-0.50719,-1.8122,1.326,-1.1355,-1.1587,1.0316
-0.50729,-1.8113,1.3249,-1.1335,-1.1585,1.0313
-0.50739,-1.8105,1.3238,-1.1316,-1.1584,1.0309
-0.50749,-1.8096,1.3228,-1.1297,-1.1582,1.0306
-0.50757,-1.8088,1.3217,-1.1278,-1.158,1.0303
-0.50765,-1.808,1.3207,-1.1259,-1.1579,1.03
-0.50773,-1.8072,1.3197,-1.1241,-1.1577,1.0297
-0.5078,-1.8064,1.3187,-1.1224,-1.1576,1.0294
-0.50787,-1.8057,1.3177,-1.1206,-1.1575,1.0291
-0.50793,-1.8049,1.3168,-1.1189,-1.1574,1.0288
-0.50799,-1.8042,1.3158,-1.1173,-1.1573,1.0286
-0.50804,-1.8034,1.3149,-1.1156,-1.1572,1.0283
-0.5081,-1.8027,1.314,-1.114,-1.1571,1.0281
-0.50815,-1.802,1.3131,-1.1124,-1.157,1.0278
-0.5082,-1.8013,1.3122,-1.1108,-1.1569,1.0276
-0.50824,-1.8006,1.3113,-1.1092,-1.1568,1.0274
-0.50829,-1.7999,1.3104,-1.1077,-1.1567,1.0272
-0.50833,-1.7992,1.3095,-1.1061,-1.1566,1.0269
-0.50838,-1.7985,1.3087,-1.1046,-1.1566,1.0267
-0.50843,-1.7978,1.3078,-1.1031,-1.1565,1.0265
-0.50847,-1.7971,1.3069,-1.1016,-1.1564,1.0263
-0.50852,-1.7965,1.3061,-1.1,-1.1563,1.026
-0.50857,-1.7958,1.3052,-1.0985,-1.1562,1.0258
-0.50862,-1.7951,1.3044,-1.097,-1.1561,1.0256
-0.50867,-1.7944,1.3035,-1.0955,-1.1561,1.0254
-0.50872,-1.7937,1.3027,-1.094,-1.156,1.0251
-0.50877,-1.793,1.3018,-1.0924,-1.1559,1.0249
-0.50882,-1.7924,1.301,-1.0909,-1.1558,1.0247
-0.50887,-1.7917,1.3001,-1.0894,-1.1557,1.0244
-0.50892,-1.791,1.2992,-1.0878,-1.1556,1.0242
-0.50897,-1.7903,1.2984,-1.0862,-1.1555,1.024
-0.50901,-1.7895,1.2975,-1.0846,-1.1555,1.0238
-0.50906,-1.7888,1.2966,-1.083,-1.1554,1.0235
-0.5091,-1.7881,1.2957,-1.0814,-1.1553,1.0233
-0.50913,-1.7873,1.2947,-1.0798,-1.1553,1.0231
-0.50916,-1.7866,1.2938,-1.0781,-1.1552,1.0229
-0.50919,-1.7858,1.2928,-1.0764,-1.1552,1.0227
-0.50922,-1.785,1.2918,-1.0747,-1.1551,1.0225
-0.50923,-1.7842,1.2908,-1.0729,-1.1551,1.0223
-0.50925,-1.7833,1.2898,-1.0711,-1.1551,1.0221
-0.50925,-1.7825,1.2887,-1.0693,-1.155,1.0219
-0.50926,-1.7816,1.2877,-1.0675,-1.1551,1.0217
-0.50925,-1.7808,1.2866,-1.0656,-1.1551,1.0216
-0.50924,-1.7798,1.2854,-1.0636,-1.1551,1.0214
-0.50922,-1.7789,1.2843,-1.0617,-1.1551,1.0213
-0.50919,-1.778,1.2831,-1.0597,-1.1552,1.0211
-0.50915,-1.777,1.2818,-1.0576,-1.1552,1.021
-0.5091,-1.776,1.2806,-1.0555,-1.1553,1.0209
-0.50905,-1.7749,1.2793,-1.0533,-1.1554,1.0208
-0.50899,-1.7739,1.278,-1.0512,-1.1555,1.0207
-0.50891,-1.7728,1.2766,-1.0489,-1.1557,1.0206
-0.50883,-1.7717,1.2752,-1.0467,-1.1558,1.0205
-0.50874,-1.7706,1.2738,-1.0444,-1.156,1.0204
-0.50865,-1.7694,1.2724,-1.042,-1.1561,1.0204
-0.50854,-1.7682,1.2709,-1.0397,-1.1563,1.0203
-0.50843,-1.7671,1.2694,-1.0373,-1.1565,1.0203
-0.50832,-1.7659,1.268,-1.0349,-1.1567,1.0203
-0.50819,-1.7647,1.2665,-1.0325,-1.157,1.0203
-0.50806,-1.7635,1.2649,-1.0301,-1.1572,1.0202
-0.50792,-1.7623,1.2634,-1.0276,-1.1574,1.0203
-0.50778,-1.761,1.2619,-1.0252,-1.1577,1.0203
-0.50763,-1.7598,1.2603,-1.0227,-1.1579,1.0203
-0.50748,-1.7586,1.2588,-1.0203,-1.1582,1.0203
-0.50732,-1.7574,1.2572,-1.0179,-1.1585,1.0204
-0.50716,-1.7561,1.2557,-1.0154,-1.1588,1.0204
-0.50699,-1.7549,1.2542,-1.013,-1.1591,1.0205
-0.50682,-1.7537,1.2526,-1.0106,-1.1594,1.0206
-0.50664,-1.7525,1.2511,-1.0082,-1.1597,1.0206
-0.50646,-1.7513,1.2496,-1.0059,-1.16,1.0207
-0.50628,-1.7501,1.2481,-1.0036,-1.1604,1.0208
-0.50609,-1.7489,1.2466,-1.0012,-1.1607,1.0209
-0.5059,-1.7477,1.2451,-0.99897,-1.161,1.0211
-0.50571,-1.7465,1.2437,-0.99674,-1.1614,1.0212
-0.50552,-1.7454,1.2422,-0.99454,-1.1617,1.0213
-0.50532,-1.7443,1.2408,-0.99237,-1.1621,1.0215
-0.50512,-1.7431,1.2394,-0.99025,-1.1624,1.0216
-0.50492,-1.742,1.238,-0.98817,-1.1628,1.0218
-0.50472,-1.741,1.2367,-0.98612,-1.1631,1.0219
-0.50452,-1.7399,1.2354,-0.98411,-1.1635,1.0221
-0.50432,-1.7389,1.2341,-0.98213,-1.1638,1.0223
-0.50411,-1.7378,1.2328,-0.98019,-1.1642,1.0225
-0.50391,-1.7368,1.2315,-0.97828,-1.1646,1.0226
-0.50371,-1.7358,1.2302,-0.97641,-1.1649,1.0228
-0.50351,-1.7348,1.229,-0.97457,-1.1653,1.023
-0.5033,-1.7339,1.2278,-0.97276,-1.1657,1.0232
-0.5031,-1.7329,1.2266,-0.97099,-1.166,1.0234
-0.5029,-1.732,1.2254,-0.96925,-1.1664,1.0236
-0.5027,-1.731,1.2243,-0.96754,-1.1667,1.0238
-0.50251,-1.7301,1.2232,-0.96586,-1.1671,1.024
-0.50231,-1.7292,1.222,-0.96421,-1.1674,1.0242
-0.50212,-1.7284,1.221,-0.96259,-1.1678,1.0244
-0.50193,-1.7275,1.2199,-0.961,-1.1681,1.0246
-0.50175,-1.7267,1.2188,-0.95943,-1.1685,1.0248
-0.50156,-1.7258,1.2178,-0.9579,-1.1688,1.025
-0.50138,-1.725,1.2168,-0.95639,-1.1691,1.0252
-0.50121,-1.7242,1.2158,-0.95491,-1.1694,1.0253
-0.50104,-1.7234,1.2148,-0.95345,-1.1697,1.0255
-0.50087,-1.7226,1.2138,-0.95202,-1.17,1.0257
-0.50071,-1.7219,1.2129,-0.95062,-1.1703,1.0259
-0.50055,-1.7211,1.212,-0.94924,-1.1706,1.026
-0.5004,-1.7204,1.211,-0.94787,-1.1709,1.0262
-0.50025,-1.7196,1.2101,-0.94653,-1.1712,1.0264
-0.5001,-1.7189,1.2093,-0.9452,-1.1714,1.0265
-0.49995,-1.7182,1.2084,-0.94389,-1.1717,1.0267
-0.4998,-1.7175,1.2075,-0.94258,-1.172,1.0268
-0.49966,-1.7168,1.2066,-0.94129,-1.1722,1.027
-0.49951,-1.7161,1.2058,-0.93999,-1.1725,1.0271
-0.49936,-1.7154,1.2049,-0.9387,-1.1728,1.0273
-0.49922,-1.7147,1.204,-0.93741,-1.173,1.0275
-0.49906,-1.714,1.2032,-0.93612,-1.1733,1.0276
-0.49891,-1.7133,1.2023,-0.93481,-1.1736,1.0278
-0.49875,-1.7126,1.2014,-0.93351,-1.1739,1.028
-0.49859,-1.7118,1.2005,-0.93219,-1.1742,1.0282
-0.49842,-1.7111,1.1996,-0.93085,-1.1745,1.0284
-0.49825,-1.7104,1.1987,-0.9295,-1.1748,1.0286
-0.49807,-1.7096,1.1977,-0.92813,-1.1751,1.0288
-0.49788,-1.7088,1.1968,-0.92674,-1.1755,1.029
-0.49768,-1.7081,1.1958,-0.92533,-1.1758,1.0292
-0.49748,-1.7072,1.1948,-0.92388,-1.1762,1.0295
-0.49726,-1.7064,1.1938,-0.92241,-1.1766,1.0298
-0.49704,-1.7056,1.1927,-0.92091,-1.177,1.0301
-0.4968,-1.7047,1.1917,-0.91937,-1.1774,1.0303
-0.49656,-1.7038,1.1905,-0.91779,-1.1778,1.0307
-0.4963,-1.7029,1.1894,-0.91617,-1.1783,1.031
-0.49603,-1.702,1.1882,-0.91451,-1.1788,1.0314
-0.49575,-1.701,1.187,-0.91281,-1.1793,1.0317
-0.49545,-1.7,1.1858,-0.91107,-1.1798,1.0321
-0.49514,-1.699,1.1845,-0.9093,-1.1804,1.0325
-0.49482,-1.6979,1.1832,-0.90749,-1.1809,1.0329
-0.49449,-1.6969,1.1819,-0.90565,-1.1815,1.0334
-0.49415,-1.6958,1.1805,-0.90378,-1.1821,1.0338
-0.4938,-1.6947,1.1791,-0.90188,-1.1828,1.0343
-0.49344,-1.6936,1.1777,-0.89996,-1.1834,1.0348
-0.49308,-1.6924,1.1763,-0.89802,-1.184,1.0353
-0.4927,-1.6913,1.1749,-0.89606,-1.1847,1.0358
-0.49231,-1.6901,1.1734,-0.89408,-1.1854,1.0364
-0.49192,-1.6889,1.1719,-0.89209,-1.1861,1.0369
-0.49152,-1.6878,1.1704,-0.89008,-1.1868,1.0374
-0.49111,-1.6866,1.1689,-0.88807,-1.1875,1.038
-0.4907,-1.6854,1.1674,-0.88604,-1.1883,1.0386
-0.49028,-1.6842,1.1659,-0.88401,-1.189,1.0392
-0.48985,-1.683,1.1644,-0.88198,-1.1898,1.0398
-0.48942,-1.6817,1.1629,-0.87995,-1.1906,1.0404
-0.48898,-1.6805,1.1613,-0.87792,-1.1913,1.041
-0.48854,-1.6793,1.1598,-0.87589,-1.1921,1.0416
-0.48809,-1.6781,1.1583,-0.87387,-1.1929,1.0423
-0.48764,-1.6769,1.1567,-0.87185,-1.1937,1.0429
-0.48719,-1.6756,1.1552,-0.86985,-1.1945,1.0436
-0.48673,-1.6744,1.1537,-0.86786,-1.1953,1.0442
-0.48628,-1.6732,1.1522,-0.86589,-1.1962,1.0449
-0.48581,-1.672,1.1506,-0.86393,-1.197,1.0455
-0.48535,-1.6708,1.1491,-0.86199,-1.1978,1.0462
-0.48489,-1.6697,1.1477,-0.86007,-1.1986,1.0469
-0.48443,-1.6685,1.1462,-0.85816,-1.1995,1.0476
-0.48396,-1.6673,1.1447,-0.85628,-1.2003,1.0482
-0.4835,-1.6661,1.1432,-0.85442,-1.2011,1.0489
-0.48303,-1.665,1.1418,-0.85258,-1.2019,1.0496
-0.48257,-1.6639,1.1404,-0.85076,-1.2028,1.0503
-0.48211,-1.6627,1.139,-0.84896,-1.2036,1.051
-0.48165,-1.6616,1.1375,-0.84719,-1.2044,1.0516
-0.4812,-1.6605,1.1362,-0.84544,-1.2052,1.0523
-0.48075,-1.6594,1.1348,-0.84372,-1.206,1.053
-0.4803,-1.6584,1.1334,-0.84202,-1.2068,1.0536
-0.47985,-1.6573,1.1321,-0.84035,-1.2076,1.0543
-0.47941,-1.6563,1.1308,-0.8387,-1.2084,1.055
-0.47898,-1.6552,1.1295,-0.83708,-1.2092,1.0556
-0.47855,-1.6542,1.1282,-0.8355,-1.21,1.0563
-0.47812,-1.6532,1.127,-0.83393,-1.2107,1.0569
-0.4777,-1.6522,1.1257,-0.8324,-1.2115,1.0575
-0.47729,-1.6513,1.1245,-0.8309,-1.2122,1.0581
-0.47689,-1.6504,1.1234,-0.82943,-1.2129,1.0588
-0.4765,-1.6494,1.1222,-0.828,-1.2136,1.0593
-0.47611,-1.6485,1.1211,-0.82659,-1.2143,1.0599
-0.47573,-1.6477,1.12,-0.82522,-1.215,1.0605
-0.47536,-1.6468,1.1189,-0.82388,-1.2157,1.0611
-0.475,-1.646,1.1178,-0.82258,-1.2163,1.0616
-0.47465,-1.6452,1.1168,-0.82131,-1.2169,1.0621
-0.4743,-1.6444,1.1158,-0.82007,-1.2176,1.0627
-0.47397,-1.6436,1.1148,-0.81885,-1.2182,1.0632
-0.47364,-1.6428,1.1139,-0.81766,-1.2188,1.0637
-0.47331,-1.6421,1.1129,-0.8165,-1.2193,1.0642
-0.473,-1.6414,1.112,-0.81535,-1.2199,1.0646
-0.47268,-1.6406,1.1111,-0.81422,-1.2205,1.0651
-0.47237,-1.6399,1.1102,-0.81311,-1.221,1.0656
-0.47206,-1.6392,1.1093,-0.81201,-1.2216,1.0661
-0.47175,-1.6385,1.1084,-0.81092,-1.2221,1.0665
-0.47144,-1.6378,1.1076,-0.80984,-1.2227,1.067
-0.47114,-1.6371,1.1067,-0.80877,-1.2232,1.0675
-0.47083,-1.6365,1.1058,-0.8077,-1.2238,1.0679
-0.47052,-1.6358,1.1049,-0.80664,-1.2243,1.0684
-0.47021,-1.6351,1.1041,-0.80557,-1.2249,1.0689
-0.4699,-1.6344,1.1032,-0.8045,-1.2254,1.0694
-0.46958,-1.6337,1.1023,-0.80342,-1.226,1.0698
-0.46926,-1.633,1.1014,-0.80234,-1.2266,1.0703
-0.46893,-1.6323,1.1005,-0.80125,-1.2272,1.0708
-0.4686,-1.6316,1.0996,-0.80014,-1.2278,1.0713
-0.46826,-1.6308,1.0987,-0.79903,-1.2284,1.0719
-0.46791,-1.6301,1.0978,-0.79789,-1.229,1.0724
-0.46756,-1.6293,1.0968,-0.79673,-1.2296,1.0729
-0.46719,-1.6286,1.0958,-0.79556,-1.2303,1.0735
-0.46682,-1.6278,1.0948,-0.79436,-1.2309,1.0741
-0.46643,-1.627,1.0938,-0.79313,-1.2316,1.0747
-0.46604,-1.6261,1.0928,-0.79188,-1.2323,1.0753
-0.46563,-1.6253,1.0917,-0.79061,-1.2331,1.0759
-0.46522,-1.6244,1.0906,-0.78932,-1.2338,1.0765
-0.46479,-1.6236,1.0895,-0.788,-1.2346,1.0772
-0.46436,-1.6227,1.0884,-0.78667,-1.2353,1.0779
-0.46391,-1.6218,1.0872,-0.78531,-1.2361,1.0786
-0.46345,-1.6208,1.0861,-0.78394,-1.237,1.0793
-0.46298,-1.6199,1.0849,-0.78254,-1.2378,1.08
-0.46251,-1.6189,1.0837,-0.78112,-1.2386,1.0807
-0.46202,-1.618,1.0825,-0.77969,-1.2395,1.0815
-0.46152,-1.617,1.0812,-0.77824,-1.2404,1.0822
-0.46101,-1.616,1.08,-0.77677,-1.2413,1.083
-0.46048,-1.615,1.0787,-0.77529,-1.2422,1.0838
-0.45995,-1.614,1.0774,-0.77379,-1.2432,1.0846
-0.45941,-1.6129,1.0761,-0.77228,-1.2442,1.0855
-0.45885,-1.6119,1.0748,-0.77075,-1.2451,1.0863
-0.45829,-1.6108,1.0734,-0.76921,-1.2462,1.0872
-0.45771,-1.6097,1.0721,-0.76765,-1.2472,1.0881
-0.45712,-1.6086,1.0707,-0.76609,-1.2482,1.089
-0.45652,-1.6075,1.0693,-0.76451,-1.2493,1.0899
-0.45591,-1.6064,1.0679,-0.76291,-1.2504,1.0908
-0.45529,-1.6053,1.0665,-0.76131,-1.2515,1.0918
-0.45466,-1.6042,1.065,-0.7597,-1.2526,1.0927
-0.45402,-1.603,1.0636,-0.75808,-1.2538,1.0937
-0.45336,-1.6019,1.0621,-0.75645,-1.2549,1.0947
-0.4527,-1.6007,1.0606,-0.75481,-1.2561,1.0957
-0.45202,-1.5996,1.0592,-0.75317,-1.2573,1.0968
-0.45134,-1.5984,1.0577,-0.75153,-1.2585,1.0978
-0.45065,-1.5972,1.0562,-0.74988,-1.2597,1.0988
-0.44996,-1.5961,1.0547,-0.74824,-1.261,1.0999
-0.44926,-1.5949,1.0532,-0.7466,-1.2622,1.101
-0.44856,-1.5937,1.0517,-0.74497,-1.2635,1.102
-0.44785,-1.5925,1.0502,-0.74334,-1.2647,1.1031
-0.44715,-1.5914,1.0487,-0.74173,-1.266,1.1042
-0.44645,-1.5902,1.0472,-0.74012,-1.2672,1.1052
-0.44574,-1.5891,1.0457,-0.73853,-1.2685,1.1063
-0.44504,-1.5879,1.0443,-0.73696,-1.2697,1.1074
-0.44435,-1.5868,1.0428,-0.7354,-1.271,1.1084
-0.44366,-1.5857,1.0414,-0.73386,-1.2722,1.1095
-0.44297,-1.5846,1.04,-0.73234,-1.2734,1.1105
-0.44229,-1.5835,1.0386,-0.73085,-1.2746,1.1115
-0.44162,-1.5824,1.0372,-0.72939,-1.2758,1.1125
-0.44096,-1.5813,1.0359,-0.72795,-1.277,1.1135
-0.44031,-1.5803,1.0345,-0.72654,-1.2781,1.1145
-0.43967,-1.5793,1.0332,-0.72516,-1.2793,1.1155
-0.43905,-1.5783,1.032,-0.72382,-1.2804,1.1164
-0.43843,-1.5773,1.0307,-0.72251,-1.2815,1.1173
-0.43784,-1.5764,1.0295,-0.72125,-1.2825,1.1182
-0.43726,-1.5755,1.0284,-0.72002,-1.2836,1.1191
-0.43669,-1.5746,1.0272,-0.71883,-1.2846,1.12
-0.43615,-1.5738,1.0261,-0.71768,-1.2855,1.1208
-0.43562,-1.5729,1.0251,-0.71658,-1.2865,1.1216
-0.4351,-1.5721,1.0241,-0.71551,-1.2874,1.1223
-0.4346,-1.5714,1.0231,-0.71447,-1.2883,1.1231
-0.43411,-1.5706,1.0221,-0.71346,-1.2892,1.1238
-0.43363,-1.5699,1.0212,-0.71249,-1.29,1.1245
-0.43317,-1.5692,1.0202,-0.71154,-1.2908,1.1252
-0.43271,-1.5685,1.0194,-0.71061,-1.2917,1.1259
-0.43227,-1.5678,1.0185,-0.70971,-1.2924,1.1266
-0.43183,-1.5671,1.0176,-0.70883,-1.2932,1.1272
-0.4314,-1.5665,1.0168,-0.70797,-1.294,1.1279
-0.43097,-1.5658,1.016,-0.70712,-1.2947,1.1285
-0.43055,-1.5652,1.0152,-0.70629,-1.2955,1.1291
-0.43014,-1.5646,1.0144,-0.70547,-1.2962,1.1297
-0.42972,-1.564,1.0136,-0.70465,-1.297,1.1304
-0.42931,-1.5634,1.0128,-0.70385,-1.2977,1.131
-0.4289,-1.5627,1.012,-0.70304,-1.2984,1.1316
-0.42849,-1.5621,1.0112,-0.70224,-1.2991,1.1322
-0.42808,-1.5615,1.0104,-0.70144,-1.2999,1.1328
-0.42767,-1.5609,1.0096,-0.70064,-1.3006,1.1334
-0.42726,-1.5603,1.0089,-0.69983,-1.3013,1.134
-0.42684,-1.5597,1.0081,-0.69902,-1.3021,1.1346
-0.42642,-1.5591,1.0073,-0.6982,-1.3028,1.1352
-0.42599,-1.5584,1.0064,-0.69736,-1.3036,1.1359
-0.42555,-1.5578,1.0056,-0.69652,-1.3044,1.1365
-0.42511,-1.5571,1.0048,-0.69565,-1.3051,1.1372
-0.42466,-1.5565,1.0039,-0.69478,-1.3059,1.1378
-0.4242,-1.5558,1.0031,-0.69388,-1.3068,1.1385
-0.42374,-1.5551,1.0022,-0.69298,-1.3076,1.1392
-0.42326,-1.5544,1.0013,-0.69205,-1.3084,1.1399
-0.42278,-1.5537,1.0004,-0.69112,-1.3093,1.1406
-0.42228,-1.553,0.99944,-0.69017,-1.3102,1.1413
-0.42178,-1.5522,0.9985,-0.68921,-1.311,1.1421
-0.42126,-1.5515,0.99754,-0.68823,-1.312,1.1428
-0.42074,-1.5508,0.99657,-0.68724,-1.3129,1.1436
-0.4202,-1.55,0.99558,-0.68623,-1.3138,1.1444
-0.41966,-1.5492,0.99458,-0.68522,-1.3148,1.1452
-0.4191,-1.5484,0.99356,-0.68419,-1.3158,1.146
-0.41852,-1.5476,0.99252,-0.68314,-1.3168,1.1468
-0.41794,-1.5468,0.99147,-0.68209,-1.3178,1.1476
-0.41734,-1.546,0.99041,-0.68102,-1.3189,1.1485
-0.41673,-1.5451,0.98933,-0.67994,-1.32,1.1494
-0.41611,-1.5443,0.98823,-0.67885,-1.3211,1.1503
-0.41547,-1.5434,0.98712,-0.67774,-1.3222,1.1512
-0.41482,-1.5426,0.98599,-0.67663,-1.3234,1.1521
-0.41415,-1.5417,0.98484,-0.6755,-1.3246,1.1531
-0.41347,-1.5408,0.98368,-0.67436,-1.3258,1.1541
-0.41277,-1.5399,0.9825,-0.67321,-1.327,1.155
-0.41206,-1.5389,0.9813,-0.67205,-1.3283,1.1561
-0.41133,-1.538,0.98009,-0.67088,-1.3296,1.1571
-0.41059,-1.5371,0.97886,-0.6697,-1.3309,1.1581
-0.40983,-1.5361,0.97761,-0.66851,-1.3322,1.1592
-0.40905,-1.5351,0.97635,-0.66731,-1.3336,1.1603
-0.40826,-1.5341,0.97508,-0.6661,-1.335,1.1614
-0.40746,-1.5332,0.9738,-0.66489,-1.3364,1.1625
-0.40665,-1.5322,0.9725,-0.66368,-1.3379,1.1637
-0.40583,-1.5312,0.97121,-0.66246,-1.3393,1.1648
-0.405,-1.5302,0.9699,-0.66124,-1.3408,1.166
-0.40416,-1.5292,0.96859,-0.66003,-1.3423,1.1671
-0.40332,-1.5281,0.96728,-0.65881,-1.3438,1.1683
-0.40247,-1.5271,0.96597,-0.6576,-1.3453,1.1695
-0.40162,-1.5261,0.96467,-0.65639,-1.3468,1.1706
-0.40077,-1.5251,0.96336,-0.65519,-1.3483,1.1718
-0.39991,-1.5241,0.96206,-0.654,-1.3498,1.173
-0.39905,-1.5231,0.96076,-0.65282,-1.3513,1.1742
-0.3982,-1.5222,0.95947,-0.65165,-1.3529,1.1754
-0.39735,-1.5212,0.9582,-0.65049,-1.3544,1.1765
-0.3965,-1.5202,0.95693,-0.64934,-1.3559,1.1777
-0.39565,-1.5192,0.95567,-0.64821,-1.3574,1.1788
-0.39481,-1.5183,0.95443,-0.64709,-1.3589,1.18
-0.39398,-1.5174,0.95321,-0.646,-1.3604,1.1811
-0.39315,-1.5164,0.95201,-0.64492,-1.3618,1.1822
-0.39234,-1.5155,0.95082,-0.64386,-1.3633,1.1834
-0.39153,-1.5146,0.94966,-0.64282,-1.3647,1.1844
-0.39074,-1.5138,0.94851,-0.64181,-1.3661,1.1855
-0.38995,-1.5129,0.9474,-0.64082,-1.3675,1.1866
-0.38919,-1.5121,0.9463,-0.63986,-1.3689,1.1876
-0.38843,-1.5113,0.94524,-0.63892,-1.3702,1.1886
-0.38769,-1.5105,0.94419,-0.63801,-1.3716,1.1896
-0.38696,-1.5097,0.94317,-0.63712,-1.3729,1.1906
-0.38624,-1.509,0.94217,-0.63625,-1.3741,1.1915
-0.38553,-1.5082,0.9412,-0.6354,-1.3754,1.1925
-0.38484,-1.5075,0.94024,-0.63457,-1.3766,1.1934
-0.38415,-1.5068,0.9393,-0.63376,-1.3778,1.1943
-0.38348,-1.5061,0.93839,-0.63297,-1.379,1.1952
-0.38282,-1.5054,0.93749,-0.63219,-1.3802,1.1961
-0.38217,-1.5047,0.93661,-0.63144,-1.3814,1.1969
-0.38153,-1.5041,0.93574,-0.63069,-1.3825,1.1977
-0.3809,-1.5035,0.9349,-0.62997,-1.3837,1.1986
-0.38028,-1.5028,0.93406,-0.62925,-1.3848,1.1994
-0.37967,-1.5022,0.93325,-0.62855,-1.3859,1.2002
-0.37906,-1.5016,0.93244,-0.62786,-1.3869,1.201
-0.37847,-1.501,0.93165,-0.62718,-1.388,1.2017
-0.37789,-1.5004,0.93088,-0.62652,-1.389,1.2025
-0.37731,-1.4998,0.93011,-0.62586,-1.39,1.2032
-0.37675,-1.4993,0.92936,-0.62521,-1.3911,1.204
-0.37619,-1.4987,0.92861,-0.62456,-1.3921,1.2047
-0.37564,-1.4981,0.92788,-0.62393,-1.393,1.2054
-0.37509,-1.4976,0.92716,-0.6233,-1.394,1.2061
-0.37456,-1.497,0.92644,-0.62267,-1.395,1.2068
-0.37403,-1.4965,0.92573,-0.62205,-1.3959,1.2075
-0.37351,-1.496,0.92503,-0.62143,-1.3968,1.2082
-0.37299,-1.4954,0.92433,-0.62082,-1.3977,1.2088
-0.37248,-1.4949,0.92364,-0.6202,-1.3987,1.2095
-0.37197,-1.4944,0.92295,-0.61959,-1.3996,1.2102
-0.37146,-1.4938,0.92226,-0.61898,-1.4005,1.2108
-0.37095,-1.4933,0.92158,-0.61837,-1.4014,1.2115
-0.37045,-1.4928,0.92089,-0.61776,-1.4023,1.2121
-0.36994,-1.4922,0.92021,-0.61715,-1.4032,1.2128
-0.36942,-1.4917,0.91952,-0.61654,-1.4041,1.2135
-0.3689,-1.4912,0.91883,-0.61592,-1.405,1.2141
-0.36838,-1.4906,0.91814,-0.61531,-1.406,1.2148
-0.36785,-1.4901,0.91744,-0.61469,-1.4069,1.2155
-0.36731,-1.4896,0.91674,-0.61407,-1.4079,1.2162
-0.36676,-1.489,0.91603,-0.61344,-1.4088,1.2169
-0.3662,-1.4884,0.91531,-0.61282,-1.4098,1.2176
-0.36562,-1.4879,0.91459,-0.61218,-1.4109,1.2183
-0.36504,-1.4873,0.91385,-0.61155,-1.4119,1.219
-0.36443,-1.4867,0.91311,-0.6109,-1.413,1.2198
-0.36381,-1.4861,0.91235,-0.61025,-1.4141,1.2206
-0.36318,-1.4856,0.91157,-0.6096,-1.4152,1.2214
-0.36252,-1.4849,0.91079,-0.60893,-1.4164,1.2222
-0.36185,-1.4843,0.90999,-0.60826,-1.4176,1.223
-0.36115,-1.4837,0.90917,-0.60759,-1.4188,1.2239
-0.36043,-1.4831,0.90834,-0.6069,-1.4201,1.2248
-0.35969,-1.4824,0.90748,-0.6062,-1.4214,1.2257
-0.35892,-1.4817,0.90661,-0.6055,-1.4228,1.2266
-0.35813,-1.481,0.90572,-0.60478,-1.4242,1.2276
-0.35731,-1.4803,0.90482,-0.60406,-1.4256,1.2286
-0.35647,-1.4796,0.90389,-0.60333,-1.4271,1.2296
-0.35561,-1.4789,0.90296,-0.60259,-1.4287,1.2307
-0.35473,-1.4782,0.90201,-0.60185,-1.4302,1.2317
-0.35383,-1.4775,0.90105,-0.60111,-1.4318,1.2328
-0.35292,-1.4767,0.90007,-0.60036,-1.4334,1.2339
-0.35199,-1.476,0.8991,-0.59961,-1.4351,1.235
-0.35105,-1.4752,0.89811,-0.59886,-1.4368,1.2362
-0.35009,-1.4745,0.89712,-0.59811,-1.4385,1.2373
-0.34912,-1.4737,0.89613,-0.59737,-1.4402,1.2384
-0.34815,-1.473,0.89513,-0.59662,-1.4419,1.2396
-0.34716,-1.4722,0.89414,-0.59588,-1.4437,1.2408
-0.34617,-1.4714,0.89314,-0.59515,-1.4455,1.242
-0.34517,-1.4707,0.89215,-0.59442,-1.4472,1.2431
-0.34417,-1.4699,0.89116,-0.59369,-1.449,1.2443
-0.34317,-1.4692,0.89018,-0.59298,-1.4508,1.2455
-0.34216,-1.4685,0.8892,-0.59227,-1.4526,1.2467
-0.34116,-1.4677,0.88824,-0.59157,-1.4544,1.2478
-0.34016,-1.467,0.88728,-0.59089,-1.4562,1.249
-0.33916,-1.4663,0.88634,-0.59022,-1.458,1.2502
-0.33816,-1.4656,0.88541,-0.58956,-1.4597,1.2513
-0.33717,-1.4649,0.88449,-0.58891,-1.4615,1.2525
-0.33619,-1.4642,0.88359,-0.58829,-1.4633,1.2536
-0.33521,-1.4635,0.88271,-0.58767,-1.465,1.2547
-0.33425,-1.4629,0.88185,-0.58708,-1.4667,1.2558
-0.33329,-1.4622,0.88101,-0.5865,-1.4684,1.2569
-0.33235,-1.4616,0.88018,-0.58594,-1.4701,1.258
-0.33142,-1.461,0.87938,-0.58539,-1.4718,1.259
-0.33049,-1.4604,0.87859,-0.58486,-1.4734,1.2601
-0.32958,-1.4598,0.87782,-0.58435,-1.4751,1.2611
-0.32868,-1.4592,0.87707,-0.58385,-1.4767,1.2621
-0.32779,-1.4587,0.87633,-0.58336,-1.4783,1.2631
-0.32691,-1.4581,0.87561,-0.58289,-1.4798,1.2641
-0.32604,-1.4576,0.87491,-0.58243,-1.4814,1.265
-0.32519,-1.4571,0.87422,-0.58199,-1.4829,1.266
-0.32435,-1.4565,0.87355,-0.58155,-1.4844,1.2669
-0.32352,-1.456,0.87289,-0.58113,-1.4859,1.2678
-0.3227,-1.4556,0.87225,-0.58072,-1.4874,1.2687
-0.32189,-1.4551,0.87163,-0.58032,-1.4888,1.2696
-0.3211,-1.4546,0.87101,-0.57993,-1.4902,1.2705
-0.32032,-1.4542,0.87041,-0.57955,-1.4916,1.2713
-0.31956,-1.4537,0.86983,-0.57918,-1.493,1.2722
-0.3188,-1.4533,0.86926,-0.57881,-1.4944,1.273
-0.31807,-1.4528,0.8687,-0.57846,-1.4957,1.2738
-0.31734,-1.4524,0.86816,-0.57811,-1.497,1.2746
-0.31663,-1.452,0.86762,-0.57777,-1.4982,1.2754
-0.31594,-1.4516,0.8671,-0.57744,-1.4995,1.2761
-0.31526,-1.4512,0.86659,-0.57712,-1.5007,1.2768
-0.31459,-1.4508,0.86609,-0.5768,-1.5019,1.2776
-0.31394,-1.4504,0.86561,-0.57648,-1.5031,1.2783
-0.3133,-1.4501,0.86513,-0.57617,-1.5042,1.279
-0.31268,-1.4497,0.86466,-0.57587,-1.5053,1.2796
-0.31206,-1.4494,0.86421,-0.57557,-1.5064,1.2803
-0.31146,-1.449,0.86376,-0.57527,-1.5075,1.2809
-0.31086,-1.4487,0.86332,-0.57498,-1.5086,1.2816
-0.31028,-1.4483,0.86288,-0.5747,-1.5096,1.2822
-0.30969,-1.448,0.86245,-0.57441,-1.5107,1.2829
-0.30911,-1.4477,0.86203,-0.57414,-1.5117,1.2835
-0.30854,-1.4473,0.86162,-0.57386,-1.5128,1.2841
-0.30796,-1.447,0.86121,-0.57359,-1.5138,1.2847
-0.30739,-1.4467,0.8608,-0.57333,-1.5148,1.2853
-0.30681,-1.4464,0.86039,-0.57307,-1.5159,1.2859
-0.30623,-1.4461,0.85999,-0.57281,-1.5169,1.2866
-0.30565,-1.4457,0.85959,-0.57256,-1.5179,1.2872
-0.30506,-1.4454,0.8592,-0.57231,-1.519,1.2878
-0.30446,-1.4451,0.8588,-0.57206,-1.5201,1.2884
-0.30385,-1.4448,0.8584,-0.57181,-1.5212,1.2891
-0.30323,-1.4445,0.85801,-0.57157,-1.5223,1.2897
-0.30261,-1.4442,0.85761,-0.57133,-1.5234,1.2904
-0.30196,-1.4439,0.85721,-0.5711,-1.5246,1.2911
-0.30131,-1.4435,0.85681,-0.57087,-1.5257,1.2918
-0.30063,-1.4432,0.8564,-0.57064,-1.527,1.2925
-0.29994,-1.4429,0.856,-0.57041,-1.5282,1.2932
-0.29924,-1.4426,0.85558,-0.57018,-1.5295,1.2939
-0.29851,-1.4422,0.85517,-0.56996,-1.5308,1.2947
-0.29776,-1.4419,0.85474,-0.56974,-1.5321,1.2954
-0.29698,-1.4415,0.85432,-0.56952,-1.5335,1.2962
-0.29619,-1.4412,0.85389,-0.56931,-1.535,1.2971
-0.29538,-1.4409,0.85345,-0.5691,-1.5364,1.2979
-0.29455,-1.4405,0.85302,-0.56889,-1.5379,1.2987
-0.29371,-1.4402,0.85258,-0.56869,-1.5395,1.2996
-0.29285,-1.4398,0.85214,-0.56849,-1.541,1.3005
-0.29197,-1.4395,0.8517,-0.5683,-1.5426,1.3014
-0.29107,-1.4391,0.85127,-0.56812,-1.5442,1.3023
-0.29016,-1.4388,0.85083,-0.56794,-1.5459,1.3032
-0.28924,-1.4384,0.8504,-0.56777,-1.5475,1.3041
-0.28831,-1.4381,0.84997,-0.56761,-1.5492,1.3051
-0.28736,-1.4377,0.84954,-0.56745,-1.5509,1.306
-0.2864,-1.4374,0.84912,-0.56731,-1.5527,1.307
-0.28543,-1.437,0.84871,-0.56717,-1.5544,1.308
-0.28445,-1.4367,0.8483,-0.56705,-1.5562,1.309
-0.28346,-1.4364,0.8479,-0.56693,-1.558,1.3099
-0.28246,-1.436,0.8475,-0.56683,-1.5598,1.3109
-0.28145,-1.4357,0.84711,-0.56674,-1.5616,1.3119
-0.28044,-1.4354,0.84674,-0.56666,-1.5635,1.3129
-0.27942,-1.4351,0.84637,-0.56659,-1.5653,1.3139
-0.27839,-1.4348,0.84601,-0.56653,-1.5672,1.315
-0.27736,-1.4345,0.84567,-0.56649,-1.569,1.316
-0.27633,-1.4342,0.84534,-0.56646,-1.5709,1.317
-0.27529,-1.434,0.84502,-0.56645,-1.5728,1.318
-0.27425,-1.4337,0.84471,-0.56645,-1.5747,1.319
-0.27321,-1.4334,0.84442,-0.56647,-1.5766,1.32
-0.27217,-1.4332,0.84414,-0.5665,-1.5784,1.321
-0.27112,-1.433,0.84388,-0.56654,-1.5803,1.322
-0.27008,-1.4327,0.84363,-0.5666,-1.5822,1.323
-0.26904,-1.4325,0.84339,-0.56667,-1.5841,1.324
-0.26801,-1.4323,0.84316,-0.56675,-1.586,1.325
-0.26698,-1.4321,0.84294,-0.56684,-1.5879,1.3259
-0.26595,-1.4319,0.84274,-0.56694,-1.5897,1.3269
-0.26494,-1.4317,0.84255,-0.56705,-1.5916,1.3279
-0.26393,-1.4316,0.84236,-0.56717,-1.5934,1.3288
-0.26292,-1.4314,0.84219,-0.5673,-1.5952,1.3298
-0.26193,-1.4312,0.84203,-0.56743,-1.597,1.3307
-0.26095,-1.4311,0.84188,-0.56757,-1.5988,1.3316
-0.25998,-1.4309,0.84173,-0.56772,-1.6006,1.3325
-0.25902,-1.4308,0.8416,-0.56787,-1.6023,1.3334
-0.25807,-1.4307,0.84148,-0.56803,-1.604,1.3343
-0.25714,-1.4306,0.84136,-0.56819,-1.6057,1.3352
-0.25623,-1.4304,0.84125,-0.56835,-1.6074,1.336
-0.25533,-1.4303,0.84115,-0.56852,-1.609,1.3368
-0.25445,-1.4302,0.84106,-0.56869,-1.6106,1.3377
-0.25359,-1.4301,0.84098,-0.56886,-1.6122,1.3384
-0.25275,-1.43,0.8409,-0.56903,-1.6137,1.3392
-0.25193,-1.4299,0.84083,-0.5692,-1.6152,1.34
-0.25113,-1.4299,0.84076,-0.56937,-1.6167,1.3407
-0.25035,-1.4298,0.8407,-0.56954,-1.6181,1.3414
-0.2496,-1.4297,0.84065,-0.5697,-1.6194,1.3421
-0.24887,-1.4296,0.8406,-0.56987,-1.6208,1.3428
-0.24816,-1.4296,0.84056,-0.57003,-1.6221,1.3435
-0.24746,-1.4295,0.84052,-0.5702,-1.6233,1.3441
-0.24679,-1.4295,0.84049,-0.57036,-1.6246,1.3447
-0.24613,-1.4294,0.84046,-0.57053,-1.6258,1.3453
-0.24548,-1.4294,0.84044,-0.57069,-1.6269,1.3459
-0.24485,-1.4293,0.84042,-0.57086,-1.6281,1.3465
-0.24423,-1.4293,0.84041,-0.57102,-1.6292,1.3471
-0.24361,-1.4292,0.84041,-0.57119,-1.6303,1.3476
-0.24301,-1.4292,0.84041,-0.57136,-1.6314,1.3482
-0.24241,-1.4292,0.84041,-0.57154,-1.6325,1.3487
-0.24182,-1.4292,0.84042,-0.57171,-1.6336,1.3493
-0.24124,-1.4291,0.84044,-0.57189,-1.6347,1.3498
-0.24065,-1.4291,0.84046,-0.57207,-1.6357,1.3503
-0.24007,-1.4291,0.84048,-0.57226,-1.6368,1.3509
-0.23949,-1.4291,0.84051,-0.57245,-1.6379,1.3514
-0.2389,-1.4291,0.84054,-0.57265,-1.639,1.3519
-0.23831,-1.4291,0.84058,-0.57285,-1.64,1.3524
-0.23772,-1.4291,0.84062,-0.57305,-1.6411,1.353
-0.23712,-1.4291,0.84067,-0.57326,-1.6422,1.3535
-0.23652,-1.4291,0.84072,-0.57348,-1.6433,1.3541
-0.2359,-1.4291,0.84078,-0.57371,-1.6445,1.3546
-0.23528,-1.4291,0.84084,-0.57394,-1.6456,1.3552
-0.23464,-1.4291,0.8409,-0.57417,-1.6468,1.3557
-0.23399,-1.4291,0.84097,-0.57442,-1.648,1.3563
-0.23333,-1.4291,0.84104,-0.57467,-1.6492,1.3569
-0.23265,-1.4291,0.84112,-0.57493,-1.6504,1.3575
-0.23196,-1.4292,0.84121,-0.57521,-1.6517,1.3581
-0.23126,-1.4292,0.8413,-0.57549,-1.653,1.3588
-0.23054,-1.4292,0.8414,-0.57578,-1.6543,1.3594
-0.22982,-1.4292,0.8415,-0.57609,-1.6557,1.36
-0.22907,-1.4293,0.84162,-0.57641,-1.657,1.3607
-0.22832,-1.4293,0.84174,-0.57674,-1.6584,1.3614
-0.22755,-1.4293,0.84188,-0.57708,-1.6598,1.362
-0.22677,-1.4294,0.84202,-0.57744,-1.6613,1.3627
-0.22598,-1.4295,0.84218,-0.57782,-1.6627,1.3634
-0.22518,-1.4295,0.84235,-0.57821,-1.6642,1.3641
-0.22436,-1.4296,0.84253,-0.57862,-1.6657,1.3648
-0.22353,-1.4297,0.84272,-0.57905,-1.6673,1.3656
-0.22269,-1.4298,0.84293,-0.57949,-1.6688,1.3663
-0.22184,-1.4299,0.84315,-0.57996,-1.6704,1.3671
-0.22097,-1.43,0.84339,-0.58044,-1.672,1.3678
-0.22009,-1.4301,0.84364,-0.58095,-1.6736,1.3686
-0.2192,-1.4302,0.84391,-0.58147,-1.6753,1.3693
-0.2183,-1.4304,0.8442,-0.58202,-1.6769,1.3701
-0.21739,-1.4305,0.8445,-0.58259,-1.6786,1.3709
-0.21646,-1.4307,0.84483,-0.58319,-1.6803,1.3717
-0.21553,-1.4309,0.84517,-0.58381,-1.6821,1.3725
-0.21458,-1.4311,0.84553,-0.58445,-1.6838,1.3733
-0.21362,-1.4313,0.84591,-0.58512,-1.6856,1.3742
-0.21265,-1.4315,0.84631,-0.58582,-1.6874,1.375
-0.21167,-1.4317,0.84674,-0.58654,-1.6892,1.3758
-0.21069,-1.432,0.84718,-0.58728,-1.691,1.3767
-0.20969,-1.4323,0.84763,-0.58804,-1.6929,1.3775
-0.20869,-1.4325,0.8481,-0.58882,-1.6947,1.3784
-0.20769,-1.4328,0.84859,-0.58962,-1.6966,1.3792
-0.20669,-1.4331,0.84909,-0.59043,-1.6985,1.3801
-0.20568,-1.4334,0.8496,-0.59126,-1.7003,1.3809
-0.20468,-1.4337,0.85013,-0.5921,-1.7022,1.3818
-0.20367,-1.434,0.85066,-0.59296,-1.7041,1.3827
-0.20267,-1.4343,0.8512,-0.59382,-1.7059,1.3835
-0.20167,-1.4347,0.85176,-0.59469,-1.7078,1.3843
-0.20068,-1.435,0.85231,-0.59557,-1.7096,1.3852
-0.1997,-1.4353,0.85288,-0.59645,-1.7114,1.386
-0.19872,-1.4357,0.85345,-0.59733,-1.7133,1.3868
-0.19776,-1.436,0.85402,-0.59821,-1.7151,1.3877
-0.1968,-1.4363,0.85459,-0.5991,-1.7168,1.3885
-0.19586,-1.4367,0.85517,-0.59998,-1.7186,1.3893
-0.19493,-1.437,0.85574,-0.60086,-1.7203,1.39
-0.19402,-1.4374,0.85631,-0.60174,-1.722,1.3908
-0.19313,-1.4377,0.85689,-0.60261,-1.7237,1.3916
-0.19225,-1.4381,0.85746,-0.60347,-1.7253,1.3923
-0.19139,-1.4384,0.85802,-0.60432,-1.7269,1.393
-0.19055,-1.4388,0.85858,-0.60515,-1.7285,1.3937
-0.18974,-1.4391,0.85913,-0.60598,-1.73,1.3944
-0.18895,-1.4394,0.85967,-0.60679,-1.7315,1.3951
-0.18818,-1.4398,0.86021,-0.60759,-1.7329,1.3957
-0.18743,-1.4401,0.86074,-0.60837,-1.7343,1.3963
-0.18671,-1.4404,0.86127,-0.60914,-1.7357,1.3969
-0.186,-1.4407,0.86178,-0.6099,-1.737,1.3975
-0.18531,-1.4411,0.86229,-0.61065,-1.7383,1.3981
-0.18464,-1.4414,0.8628,-0.61139,-1.7395,1.3987
-0.18398,-1.4417,0.8633,-0.61211,-1.7408,1.3992
-0.18334,-1.442,0.8638,-0.61283,-1.742,1.3998
-0.18272,-1.4423,0.86429,-0.61354,-1.7431,1.4003
-0.18211,-1.4426,0.86478,-0.61424,-1.7443,1.4008
-0.1815,-1.4429,0.86526,-0.61493,-1.7454,1.4013
-0.18092,-1.4432,0.86574,-0.61561,-1.7465,1.4018
-0.18034,-1.4435,0.86622,-0.61629,-1.7476,1.4023
-0.17977,-1.4438,0.86669,-0.61696,-1.7487,1.4028
-0.1792,-1.4441,0.86717,-0.61763,-1.7497,1.4032
-0.17865,-1.4444,0.86764,-0.61829,-1.7508,1.4037
-0.1781,-1.4447,0.86811,-0.61895,-1.7518,1.4042
-0.17755,-1.445,0.86858,-0.6196,-1.7529,1.4046
-0.17701,-1.4453,0.86904,-0.62026,-1.7539,1.4051
-0.17647,-1.4456,0.86951,-0.6209,-1.7549,1.4055
-0.17593,-1.4459,0.86998,-0.62155,-1.7559,1.406
-0.1754,-1.4462,0.87045,-0.6222,-1.7569,1.4064
-0.17486,-1.4465,0.87092,-0.62285,-1.7579,1.4069
-0.17432,-1.4468,0.87139,-0.62349,-1.7589,1.4073
-0.17378,-1.4471,0.87186,-0.62414,-1.76,1.4078
-0.17323,-1.4474,0.87234,-0.62479,-1.761,1.4082
-0.17269,-1.4477,0.87282,-0.62544,-1.762,1.4087
-0.17213,-1.448,0.8733,-0.6261,-1.7631,1.4091
-0.17158,-1.4483,0.87379,-0.62677,-1.7641,1.4096
-0.17101,-1.4486,0.87429,-0.62744,-1.7652,1.4101
-0.17044,-1.4489,0.87479,-0.62812,-1.7663,1.4105
-0.16987,-1.4492,0.8753,-0.62882,-1.7673,1.411
-0.16929,-1.4495,0.87583,-0.62953,-1.7684,1.4115
-0.1687,-1.4499,0.87636,-0.63025,-1.7695,1.412
-0.16811,-1.4502,0.87691,-0.63099,-1.7707,1.4125
-0.16751,-1.4506,0.87748,-0.63175,-1.7718,1.413
-0.1669,-1.4509,0.87805,-0.63252,-1.773,1.4135
-0.16628,-1.4513,0.87865,-0.63332,-1.7741,1.414
-0.16566,-1.4517,0.87926,-0.63414,-1.7753,1.4145
-0.16502,-1.4521,0.87989,-0.63498,-1.7765,1.415
-0.16437,-1.4525,0.88054,-0.63585,-1.7777,1.4156
-0.16372,-1.4529,0.88121,-0.63675,-1.779,1.4161
-0.16305,-1.4533,0.8819,-0.63768,-1.7803,1.4167
-0.16237,-1.4538,0.88262,-0.63863,-1.7815,1.4172
-0.16169,-1.4543,0.88336,-0.63962,-1.7829,1.4178
-0.16098,-1.4547,0.88413,-0.64065,-1.7842,1.4184
-0.16027,-1.4552,0.88492,-0.6417,-1.7855,1.4189
-0.15955,-1.4558,0.88574,-0.6428,-1.7869,1.4195
-0.15881,-1.4563,0.88659,-0.64393,-1.7883,1.4202
-0.15806,-1.4569,0.88747,-0.6451,-1.7898,1.4208
-0.15729,-1.4574,0.88838,-0.64632,-1.7912,1.4214
-0.15651,-1.458,0.88932,-0.64757,-1.7927,1.422
-0.15572,-1.4587,0.89029,-0.64886,-1.7942,1.4227
-0.15492,-1.4593,0.89128,-0.65018,-1.7957,1.4233
-0.15411,-1.46,0.8923,-0.65154,-1.7973,1.424
-0.1533,-1.4606,0.89334,-0.65292,-1.7988,1.4247
-0.15247,-1.4613,0.8944,-0.65433,-1.8004,1.4254
-0.15164,-1.462,0.89548,-0.65577,-1.802,1.426
-0.15081,-1.4627,0.89657,-0.65723,-1.8036,1.4267
-0.14997,-1.4634,0.89769,-0.65871,-1.8052,1.4274
-0.14913,-1.4642,0.89881,-0.66022,-1.8068,1.4281
-0.14829,-1.4649,0.89995,-0.66173,-1.8084,1.4288
-0.14745,-1.4657,0.9011,-0.66326,-1.81,1.4295
-0.14662,-1.4664,0.90226,-0.66481,-1.8116,1.4302
-0.14578,-1.4672,0.90343,-0.66636,-1.8132,1.4309
-0.14495,-1.4679,0.9046,-0.66792,-1.8148,1.4315
-0.14412,-1.4687,0.90577,-0.66949,-1.8164,1.4322
-0.1433,-1.4695,0.90695,-0.67105,-1.818,1.4329
-0.14249,-1.4702,0.90813,-0.67262,-1.8196,1.4336
-0.14168,-1.471,0.90931,-0.67419,-1.8211,1.4342
-0.14089,-1.4718,0.91048,-0.67575,-1.8226,1.4349
-0.1401,-1.4726,0.91165,-0.67731,-1.8241,1.4355
-0.13933,-1.4733,0.91281,-0.67886,-1.8256,1.4362
-0.13857,-1.4741,0.91397,-0.6804,-1.8271,1.4368
-0.13783,-1.4748,0.91511,-0.68192,-1.8285,1.4374
-0.1371,-1.4756,0.91624,-0.68344,-1.8299,1.438
-0.13638,-1.4763,0.91737,-0.68493,-1.8313,1.4386
-0.13568,-1.4771,0.91847,-0.68641,-1.8327,1.4392
-0.135,-1.4778,0.91957,-0.68787,-1.834,1.4397
-0.13433,-1.4785,0.92066,-0.68932,-1.8353,1.4403
-0.13367,-1.4793,0.92173,-0.69074,-1.8365,1.4408
-0.13303,-1.48,0.92279,-0.69216,-1.8378,1.4414
-0.1324,-1.4807,0.92383,-0.69355,-1.839,1.4419
-0.13179,-1.4814,0.92487,-0.69493,-1.8402,1.4424
-0.13119,-1.482,0.92589,-0.69629,-1.8414,1.4429
-0.1306,-1.4827,0.92689,-0.69763,-1.8425,1.4434
-0.13002,-1.4834,0.92789,-0.69895,-1.8436,1.4439
-0.12945,-1.484,0.92887,-0.70025,-1.8447,1.4443
-0.1289,-1.4847,0.92984,-0.70154,-1.8458,1.4448
-0.12835,-1.4853,0.93079,-0.70281,-1.8468,1.4453
-0.12782,-1.486,0.93173,-0.70405,-1.8479,1.4457
-0.1273,-1.4866,0.93265,-0.70528,-1.8489,1.4461
-0.12678,-1.4872,0.93356,-0.70649,-1.8499,1.4466
-0.12628,-1.4878,0.93446,-0.70768,-1.8509,1.447
-0.12578,-1.4884,0.93534,-0.70885,-1.8518,1.4474
-0.1253,-1.489,0.93621,-0.71,-1.8528,1.4478
-0.12482,-1.4895,0.93707,-0.71113,-1.8537,1.4482
-0.12435,-1.4901,0.93791,-0.71223,-1.8546,1.4486
-0.12388,-1.4907,0.93873,-0.71332,-1.8555,1.449
-0.12343,-1.4912,0.93954,-0.71439,-1.8564,1.4494
-0.12298,-1.4917,0.94034,-0.71543,-1.8573,1.4498
-0.12254,-1.4922,0.94112,-0.71645,-1.8582,1.4502
-0.1221,-1.4927,0.94188,-0.71746,-1.859,1.4505
-0.12167,-1.4932,0.94264,-0.71845,-1.8598,1.4509
-0.12124,-1.4937,0.94339,-0.71943,-1.8607,1.4513
-0.12082,-1.4942,0.94413,-0.7204,-1.8615,1.4516
-0.1204,-1.4947,0.94487,-0.72137,-1.8623,1.452
-0.11998,-1.4952,0.94561,-0.72233,-1.8631,1.4523
-0.11956,-1.4957,0.94635,-0.7233,-1.8639,1.4527
-0.11914,-1.4961,0.94709,-0.72426,-1.8648,1.453
-0.11873,-1.4966,0.94784,-0.72524,-1.8656,1.4534
-0.11831,-1.4971,0.94859,-0.72622,-1.8664,1.4538
-0.11789,-1.4976,0.94935,-0.72721,-1.8672,1.4541
-0.11746,-1.4981,0.95012,-0.72823,-1.868,1.4545
-0.11704,-1.4986,0.95091,-0.72926,-1.8689,1.4548
-0.11661,-1.4992,0.95171,-0.73031,-1.8697,1.4552
-0.11617,-1.4997,0.95253,-0.73138,-1.8706,1.4556
-0.11573,-1.5002,0.95338,-0.73249,-1.8714,1.456
-0.11529,-1.5008,0.95424,-0.73362,-1.8723,1.4563
-0.11483,-1.5014,0.95513,-0.73479,-1.8732,1.4567
-0.11437,-1.502,0.95604,-0.736,-1.8741,1.4571
-0.1139,-1.5026,0.95698,-0.73724,-1.875,1.4575
-0.11342,-1.5033,0.95796,-0.73853,-1.8759,1.4579
-0.11293,-1.5039,0.95896,-0.73986,-1.8769,1.4583
-0.11244,-1.5046,0.96001,-0.74125,-1.8779,1.4588
-0.11193,-1.5053,0.96108,-0.74268,-1.8789,1.4592
-0.1114,-1.5061,0.9622,-0.74417,-1.8799,1.4596
-0.11087,-1.5069,0.96336,-0.74572,-1.881,1.4601
-0.11032,-1.5077,0.96455,-0.74731,-1.882,1.4606
-0.10977,-1.5085,0.96578,-0.74896,-1.8831,1.461
-0.1092,-1.5093,0.96705,-0.75065,-1.8842,1.4615
-0.10863,-1.5102,0.96834,-0.75238,-1.8854,1.462
-0.10805,-1.5111,0.96966,-0.75416,-1.8865,1.4625
-0.10747,-1.512,0.97101,-0.75597,-1.8877,1.463
-0.10687,-1.5129,0.97239,-0.75782,-1.8888,1.4635
-0.10628,-1.5139,0.97378,-0.75971,-1.89,1.464
-0.10568,-1.5148,0.9752,-0.76162,-1.8912,1.4645
-0.10507,-1.5158,0.97664,-0.76356,-1.8924,1.465
-0.10446,-1.5168,0.9781,-0.76554,-1.8936,1.4655
-0.10386,-1.5178,0.97958,-0.76753,-1.8948,1.4661
-0.10325,-1.5188,0.98106,-0.76955,-1.896,1.4666
-0.10264,-1.5198,0.98257,-0.77158,-1.8972,1.4671
-0.10203,-1.5208,0.98408,-0.77363,-1.8984,1.4676
-0.10142,-1.5219,0.9856,-0.77569,-1.8996,1.4681
-0.10082,-1.5229,0.98712,-0.77777,-1.9008,1.4687
-0.10022,-1.524,0.98865,-0.77985,-1.902,1.4692
-0.099627,-1.525,0.99019,-0.78194,-1.9032,1.4697
-0.099037,-1.5261,0.99172,-0.78404,-1.9043,1.4702
-0.098452,-1.5271,0.99326,-0.78613,-1.9055,1.4707
-0.097875,-1.5282,0.99479,-0.78823,-1.9066,1.4712
-0.097306,-1.5292,0.99632,-0.79032,-1.9078,1.4717
-0.096745,-1.5302,0.99784,-0.7924,-1.9089,1.4722
-0.096193,-1.5313,0.99935,-0.79448,-1.91,1.4726
-0.095651,-1.5323,1.0009,-0.79655,-1.911,1.4731
-0.095117,-1.5333,1.0023,-0.7986,-1.9121,1.4736
-0.094593,-1.5344,1.0038,-0.80065,-1.9131,1.474
-0.094077,-1.5354,1.0053,-0.80268,-1.9142,1.4745
-0.093571,-1.5364,1.0068,-0.80469,-1.9152,1.4749
-0.093073,-1.5374,1.0082,-0.8067,-1.9162,1.4754
-0.092584,-1.5384,1.0097,-0.80868,-1.9171,1.4758
-0.092105,-1.5393,1.0111,-0.81065,-1.9181,1.4762
-0.091634,-1.5403,1.0125,-0.8126,-1.919,1.4766
-0.091172,-1.5413,1.0139,-0.81453,-1.9199,1.477
-0.090719,-1.5422,1.0152,-0.81643,-1.9208,1.4774
-0.090274,-1.5432,1.0166,-0.81832,-1.9217,1.4778
-0.089839,-1.5441,1.0179,-0.82018,-1.9226,1.4782
-0.089412,-1.545,1.0193,-0.82202,-1.9235,1.4786
-0.088993,-1.5459,1.0206,-0.82383,-1.9243,1.479
-0.088584,-1.5468,1.0218,-0.82561,-1.9251,1.4793
-0.088183,-1.5477,1.0231,-0.82737,-1.9259,1.4797
-0.087791,-1.5485,1.0243,-0.8291,-1.9267,1.48
-0.087407,-1.5494,1.0256,-0.8308,-1.9274,1.4804
-0.087032,-1.5502,1.0268,-0.83246,-1.9282,1.4807
-0.086665,-1.551,1.0279,-0.83409,-1.9289,1.481
-0.086307,-1.5518,1.0291,-0.83569,-1.9296,1.4814
-0.085958,-1.5526,1.0302,-0.83726,-1.9303,1.4817
-0.085616,-1.5533,1.0313,-0.83878,-1.931,1.482
-0.085284,-1.5541,1.0323,-0.84027,-1.9317,1.4823
-0.084959,-1.5548,1.0334,-0.84173,-1.9323,1.4826
-0.084641,-1.5555,1.0344,-0.84315,-1.933,1.4828
-0.084331,-1.5562,1.0354,-0.84455,-1.9336,1.4831
-0.084026,-1.5568,1.0364,-0.84592,-1.9342,1.4834
-0.083728,-1.5575,1.0373,-0.84726,-1.9348,1.4836
-0.083435,-1.5582,1.0383,-0.84859,-1.9354,1.4839
-0.083147,-1.5588,1.0392,-0.8499,-1.936,1.4842
-0.082863,-1.5594,1.0401,-0.8512,-1.9365,1.4844
-0.082583,-1.5601,1.0411,-0.85248,-1.9371,1.4847
-0.082306,-1.5607,1.042,-0.85376,-1.9377,1.4849
-0.082032,-1.5613,1.0429,-0.85504,-1.9382,1.4852
-0.08176,-1.562,1.0438,-0.85631,-1.9388,1.4854
-0.081489,-1.5626,1.0447,-0.85758,-1.9393,1.4856
-0.08122,-1.5632,1.0456,-0.85886,-1.9398,1.4859
-0.080951,-1.5638,1.0465,-0.86015,-1.9404,1.4861
-0.080683,-1.5645,1.0474,-0.86145,-1.9409,1.4864
-0.080414,-1.5651,1.0484,-0.86276,-1.9415,1.4866
-0.080144,-1.5658,1.0493,-0.86408,-1.942,1.4868
-0.079872,-1.5664,1.0503,-0.86543,-1.9425,1.4871
-0.079599,-1.5671,1.0512,-0.8668,-1.9431,1.4873
-0.079323,-1.5678,1.0522,-0.8682,-1.9437,1.4876
-0.079044,-1.5685,1.0532,-0.86962,-1.9442,1.4878
-0.078761,-1.5692,1.0543,-0.87108,-1.9448,1.4881
-0.078474,-1.5699,1.0553,-0.87257,-1.9454,1.4884
-0.078183,-1.5706,1.0564,-0.87411,-1.946,1.4886
-0.077887,-1.5714,1.0575,-0.87567,-1.9466,1.4889
-0.077586,-1.5722,1.0586,-0.87728,-1.9472,1.4892
-0.077281,-1.573,1.0598,-0.87893,-1.9478,1.4894
-0.076973,-1.5738,1.061,-0.88062,-1.9484,1.4897
-0.076661,-1.5746,1.0622,-0.88234,-1.949,1.49
-0.076346,-1.5755,1.0634,-0.8841,-1.9497,1.4903
-0.076028,-1.5764,1.0647,-0.8859,-1.9503,1.4906
-0.075707,-1.5772,1.066,-0.88773,-1.951,1.4909
-0.075384,-1.5781,1.0673,-0.8896,-1.9516,1.4912
-0.075059,-1.5791,1.0686,-0.8915,-1.9523,1.4915
-0.074733,-1.58,1.07,-0.89344,-1.953,1.4918
-0.074406,-1.581,1.0713,-0.89541,-1.9536,1.4921
-0.074077,-1.5819,1.0727,-0.89742,-1.9543,1.4924
-0.073748,-1.5829,1.0741,-0.89946,-1.955,1.4927
-0.073419,-1.5839,1.0756,-0.90154,-1.9556,1.493
-0.073089,-1.5849,1.077,-0.90364,-1.9563,1.4933
-0.07276,-1.586,1.0785,-0.90578,-1.957,1.4936
-0.072432,-1.587,1.08,-0.90795,-1.9576,1.4939
-0.072105,-1.5881,1.0815,-0.91015,-1.9583,1.4942
-0.071779,-1.5891,1.0831,-0.91238,-1.959,1.4945
-0.071455,-1.5902,1.0846,-0.91464,-1.9596,1.4948
-0.071132,-1.5913,1.0862,-0.91693,-1.9603,1.4951
-0.070812,-1.5924,1.0878,-0.91925,-1.9609,1.4954
-0.070495,-1.5936,1.0894,-0.92159,-1.9616,1.4957
-0.07018,-1.5947,1.091,-0.92397,-1.9622,1.496
-0.069869,-1.5959,1.0926,-0.92637,-1.9628,1.4963
-0.069561,-1.597,1.0943,-0.9288,-1.9635,1.4966
-0.069256,-1.5982,1.0959,-0.93125,-1.9641,1.4968
-0.068956,-1.5994,1.0976,-0.93371,-1.9647,1.4971
-0.068659,-1.6005,1.0993,-0.93619,-1.9653,1.4974
-0.068367,-1.6017,1.101,-0.93868,-1.9659,1.4977
-0.068079,-1.6029,1.1026,-0.94117,-1.9665,1.4979
-0.067795,-1.6041,1.1043,-0.94367,-1.967,1.4982
-0.067516,-1.6053,1.106,-0.94616,-1.9676,1.4984
-0.067242,-1.6065,1.1077,-0.94865,-1.9682,1.4987
-0.066973,-1.6077,1.1093,-0.95114,-1.9687,1.4989
-0.06671,-1.6088,1.111,-0.95361,-1.9692,1.4992
-0.066451,-1.61,1.1126,-0.95606,-1.9698,1.4994
-0.066199,-1.6112,1.1142,-0.9585,-1.9703,1.4997
-0.065952,-1.6123,1.1159,-0.96092,-1.9708,1.4999
-0.065711,-1.6134,1.1174,-0.96331,-1.9713,1.5001
-0.065476,-1.6146,1.119,-0.96567,-1.9717,1.5003
-0.065248,-1.6157,1.1206,-0.96799,-1.9722,1.5005
-0.065026,-1.6168,1.1221,-0.97029,-1.9726,1.5007
-0.06481,-1.6178,1.1236,-0.97254,-1.9731,1.5009
-0.064602,-1.6189,1.125,-0.97474,-1.9735,1.5011
-0.064401,-1.6199,1.1265,-0.9769,-1.9739,1.5013
-0.064207,-1.6209,1.1279,-0.97901,-1.9743,1.5015
-0.06402,-1.6219,1.1292,-0.98107,-1.9747,1.5017
-0.063841,-1.6228,1.1305,-0.98306,-1.975,1.5018
-0.06367,-1.6237,1.1318,-0.985,-1.9754,1.502
-0.063506,-1.6246,1.133,-0.98687,-1.9757,1.5021
-0.06335,-1.6254,1.1342,-0.98869,-1.976,1.5023
-0.0632,-1.6263,1.1354,-0.99045,-1.9763,1.5024
-0.063057,-1.6271,1.1365,-0.99216,-1.9766,1.5026
-0.062921,-1.6278,1.1376,-0.99383,-1.9769,1.5027
-0.062789,-1.6286,1.1387,-0.99545,-1.9772,1.5028
-0.062663,-1.6293,1.1397,-0.99703,-1.9774,1.5029
-0.062543,-1.6301,1.1407,-0.99858,-1.9777,1.5031
-0.062426,-1.6308,1.1417,-1.0001,-1.9779,1.5032
-0.062314,-1.6315,1.1427,-1.0016,-1.9781,1.5033
-0.062205,-1.6321,1.1436,-1.003,-1.9784,1.5034
-0.0621,-1.6328,1.1445,-1.0045,-1.9786,1.5035
-0.061998,-1.6335,1.1455,-1.0059,-1.9788,1.5036
-0.061898,-1.6341,1.1464,-1.0073,-1.979,1.5037
-0.061801,-1.6348,1.1473,-1.0087,-1.9792,1.5038
-0.061705,-1.6354,1.1482,-1.0101,-1.9794,1.5039
-0.061611,-1.636,1.1491,-1.0114,-1.9796,1.504
-0.061518,-1.6367,1.15,-1.0128,-1.9798,1.5041
-0.061425,-1.6373,1.1509,-1.0142,-1.98,1.5042
-0.061333,-1.638,1.1518,-1.0156,-1.9802,1.5042
-0.06124,-1.6386,1.1527,-1.017,-1.9803,1.5043
-0.061147,-1.6393,1.1536,-1.0184,-1.9805,1.5044
-0.061053,-1.6399,1.1545,-1.0198,-1.9807,1.5045
-0.060958,-1.6406,1.1554,-1.0213,-1.9809,1.5046
-0.060861,-1.6413,1.1564,-1.0228,-1.9811,1.5047
-0.060762,-1.642,1.1574,-1.0243,-1.9813,1.5048
-0.060662,-1.6427,1.1584,-1.0258,-1.9815,1.5049
-0.06056,-1.6434,1.1594,-1.0274,-1.9817,1.505
-0.060456,-1.6441,1.1604,-1.0289,-1.982,1.5051
-0.060353,-1.6449,1.1615,-1.0306,-1.9822,1.5052
-0.060248,-1.6456,1.1625,-1.0322,-1.9824,1.5053
-0.060144,-1.6464,1.1636,-1.0339,-1.9826,1.5054
-0.06004,-1.6472,1.1647,-1.0356,-1.9828,1.5055
-0.059936,-1.648,1.1659,-1.0373,-1.983,1.5056
-0.059834,-1.6488,1.167,-1.0391,-1.9832,1.5057
-0.059732,-1.6497,1.1682,-1.0409,-1.9835,1.5058
-0.059632,-1.6505,1.1694,-1.0428,-1.9837,1.5059
-0.059534,-1.6514,1.1706,-1.0446,-1.9839,1.506
-0.059438,-1.6523,1.1718,-1.0465,-1.9841,1.5061
-0.059344,-1.6532,1.1731,-1.0485,-1.9843,1.5061
-0.059254,-1.6541,1.1744,-1.0505,-1.9844,1.5062
-0.059166,-1.655,1.1756,-1.0525,-1.9846,1.5063
-0.059082,-1.6559,1.177,-1.0545,-1.9848,1.5064
-0.059001,-1.6569,1.1783,-1.0566,-1.985,1.5064
-0.058925,-1.6579,1.1797,-1.0588,-1.9851,1.5065
-0.058853,-1.6589,1.181,-1.0609,-1.9853,1.5066
-0.058785,-1.6599,1.1825,-1.0631,-1.9854,1.5066
-0.058723,-1.6609,1.1839,-1.0654,-1.9855,1.5067
-0.058666,-1.662,1.1853,-1.0677,-1.9857,1.5067
-0.058615,-1.663,1.1868,-1.07,-1.9858,1.5068
-0.058569,-1.6641,1.1883,-1.0724,-1.9859,1.5068
-0.05853,-1.6652,1.1898,-1.0748,-1.9859,1.5069
-0.058497,-1.6663,1.1914,-1.0772,-1.986,1.5069
-0.058469,-1.6675,1.1929,-1.0797,-1.9861,1.5069
-0.058447,-1.6686,1.1945,-1.0822,-1.9861,1.5069
-0.058431,-1.6698,1.1961,-1.0848,-1.9861,1.5069
-0.05842,-1.6709,1.1977,-1.0873,-1.9862,1.5069
-0.058415,-1.6721,1.1993,-1.0899,-1.9862,1.5069
-0.058415,-1.6733,1.2009,-1.0925,-1.9862,1.5069
-0.05842,-1.6745,1.2025,-1.0951,-1.9862,1.5069
-0.05843,-1.6756,1.2041,-1.0977,-1.9862,1.5069
-0.058445,-1.6768,1.2057,-1.1003,-1.9861,1.5069
-0.058464,-1.678,1.2073,-1.1029,-1.9861,1.5069
-0.058489,-1.6792,1.2089,-1.1055,-1.986,1.5068
-0.058518,-1.6804,1.2105,-1.1081,-1.986,1.5068
-0.058551,-1.6815,1.2121,-1.1107,-1.9859,1.5068
-0.058589,-1.6827,1.2137,-1.1133,-1.9858,1.5067
-0.058631,-1.6839,1.2153,-1.1158,-1.9857,1.5067
-0.058677,-1.685,1.2168,-1.1184,-1.9856,1.5066
-0.058727,-1.6862,1.2184,-1.1209,-1.9855,1.5066
-0.058782,-1.6873,1.2199,-1.1234,-1.9854,1.5065
-0.05884,-1.6884,1.2214,-1.1258,-1.9853,1.5065
-0.058901,-1.6895,1.2229,-1.1282,-1.9852,1.5064
-0.058966,-1.6905,1.2243,-1.1306,-1.9851,1.5063
-0.059035,-1.6916,1.2257,-1.1329,-1.9849,1.5063
-0.059107,-1.6926,1.2271,-1.1352,-1.9848,1.5062
-0.059183,-1.6936,1.2285,-1.1374,-1.9846,1.5061
-0.059261,-1.6946,1.2298,-1.1396,-1.9845,1.506
-0.059342,-1.6956,1.2311,-1.1418,-1.9843,1.506
-0.059425,-1.6965,1.2324,-1.1439,-1.9841,1.5059
-0.059511,-1.6975,1.2336,-1.1459,-1.9839,1.5058
-0.059599,-1.6984,1.2348,-1.1479,-1.9838,1.5057
-0.059689,-1.6992,1.236,-1.1499,-1.9836,1.5056
-0.05978,-1.7001,1.2372,-1.1518,-1.9834,1.5055
-0.059872,-1.701,1.2383,-1.1537,-1.9832,1.5054
-0.059966,-1.7018,1.2394,-1.1556,-1.983,1.5053
-0.06006,-1.7026,1.2405,-1.1574,-1.9828,1.5053
-0.060155,-1.7034,1.2416,-1.1592,-1.9826,1.5052
-0.060251,-1.7042,1.2426,-1.161,-1.9824,1.5051
-0.060346,-1.705,1.2437,-1.1627,-1.9822,1.505
-0.060442,-1.7058,1.2447,-1.1644,-1.9821,1.5049
-0.060537,-1.7065,1.2457,-1.1661,-1.9819,1.5048
-0.060631,-1.7073,1.2467,-1.1678,-1.9817,1.5047
-0.060725,-1.708,1.2477,-1.1694,-1.9815,1.5046
-0.060817,-1.7087,1.2486,-1.171,-1.9813,1.5045
-0.060908,-1.7094,1.2496,-1.1726,-1.9811,1.5044
-0.060998,-1.7101,1.2505,-1.1742,-1.9809,1.5044
-0.061086,-1.7108,1.2515,-1.1757,-1.9807,1.5043
-0.061172,-1.7115,1.2524,-1.1772,-1.9806,1.5042
-0.061255,-1.7122,1.2533,-1.1788,-1.9804,1.5041
-0.061336,-1.7129,1.2542,-1.1803,-1.9802,1.504
-0.061415,-1.7135,1.2551,-1.1818,-1.9801,1.5039
-0.061491,-1.7142,1.256,-1.1832,-1.9799,1.5039
-0.061565,-1.7148,1.2569,-1.1847,-1.9798,1.5038
-0.061639,-1.7155,1.2578,-1.1862,-1.9796,1.5037
-0.061712,-1.7162,1.2587,-1.1877,-1.9795,1.5036
-0.061785,-1.7168,1.2596,-1.1891,-1.9793,1.5036
-0.06186,-1.7175,1.2605,-1.1906,-1.9792,1.5035
-0.061936,-1.7181,1.2614,-1.1921,-1.979,1.5034
-0.062014,-1.7188,1.2623,-1.1936,-1.9789,1.5033
-0.062095,-1.7195,1.2632,-1.1951,-1.9787,1.5032
-0.062179,-1.7202,1.2641,-1.1966,-1.9785,1.5032
-0.062268,-1.7209,1.265,-1.1982,-1.9783,1.5031
-0.062362,-1.7215,1.266,-1.1997,-1.9781,1.503
-0.062461,-1.7223,1.2669,-1.2013,-1.9779,1.5029
-0.062566,-1.723,1.2679,-1.2029,-1.9777,1.5028
-0.062678,-1.7237,1.2689,-1.2046,-1.9775,1.5027
-0.062798,-1.7245,1.2699,-1.2062,-1.9772,1.5025
-0.062925,-1.7252,1.2709,-1.208,-1.977,1.5024
-0.063062,-1.726,1.272,-1.2097,-1.9767,1.5023
-0.063207,-1.7268,1.2731,-1.2115,-1.9764,1.5021
-0.063363,-1.7276,1.2741,-1.2133,-1.9761,1.502
-0.063529,-1.7284,1.2753,-1.2152,-1.9758,1.5018
-0.063707,-1.7293,1.2764,-1.2171,-1.9754,1.5016
-0.063897,-1.7302,1.2776,-1.2191,-1.975,1.5014
-0.064099,-1.7311,1.2788,-1.2211,-1.9746,1.5012
-0.064314,-1.732,1.28,-1.2232,-1.9742,1.501
-0.064543,-1.733,1.2813,-1.2253,-1.9737,1.5008
-0.064785,-1.7339,1.2826,-1.2275,-1.9732,1.5006
-0.06504,-1.7349,1.2839,-1.2298,-1.9727,1.5003
-0.065307,-1.736,1.2852,-1.2321,-1.9721,1.5001
-0.065585,-1.737,1.2866,-1.2344,-1.9716,1.4998
-0.065875,-1.7381,1.288,-1.2368,-1.971,1.4995
-0.066176,-1.7391,1.2894,-1.2392,-1.9704,1.4992
-0.066486,-1.7402,1.2908,-1.2416,-1.9697,1.4989
-0.066807,-1.7413,1.2923,-1.2441,-1.9691,1.4986
-0.067137,-1.7424,1.2937,-1.2466,-1.9684,1.4983
-0.067476,-1.7436,1.2952,-1.2491,-1.9677,1.498
-0.067823,-1.7447,1.2966,-1.2516,-1.967,1.4976
-0.068179,-1.7458,1.2981,-1.2542,-1.9663,1.4973
-0.068542,-1.7469,1.2996,-1.2567,-1.9655,1.4969
-0.068912,-1.7481,1.3011,-1.2593,-1.9648,1.4966
-0.069288,-1.7492,1.3025,-1.2618,-1.964,1.4962
-0.069671,-1.7504,1.304,-1.2644,-1.9632,1.4958
-0.070059,-1.7515,1.3055,-1.2669,-1.9625,1.4955
-0.070453,-1.7526,1.3069,-1.2695,-1.9617,1.4951
-0.070851,-1.7538,1.3084,-1.272,-1.9608,1.4947
-0.071254,-1.7549,1.3098,-1.2745,-1.96,1.4943
-0.071661,-1.756,1.3113,-1.277,-1.9592,1.4939
-0.072071,-1.7571,1.3127,-1.2794,-1.9584,1.4935
-0.072483,-1.7582,1.3141,-1.2818,-1.9575,1.4931
-0.072899,-1.7593,1.3154,-1.2842,-1.9567,1.4927
-0.073316,-1.7603,1.3168,-1.2866,-1.9558,1.4923
-0.073735,-1.7614,1.3181,-1.2889,-1.955,1.4919
-0.074155,-1.7624,1.3194,-1.2912,-1.9541,1.4915
-0.074576,-1.7634,1.3207,-1.2935,-1.9533,1.4911
-0.074997,-1.7644,1.322,-1.2957,-1.9524,1.4907
-0.075418,-1.7654,1.3233,-1.2978,-1.9516,1.4903
-0.075839,-1.7664,1.3245,-1.3,-1.9507,1.4899
-0.076259,-1.7674,1.3257,-1.3021,-1.9499,1.4895
-0.076678,-1.7683,1.3269,-1.3042,-1.949,1.4891
-0.077096,-1.7692,1.328,-1.3062,-1.9482,1.4888
-0.077511,-1.7701,1.3292,-1.3082,-1.9474,1.4884
-0.077924,-1.771,1.3303,-1.3102,-1.9465,1.488
-0.078335,-1.7719,1.3314,-1.3121,-1.9457,1.4876
-0.078742,-1.7728,1.3325,-1.314,-1.9449,1.4872
-0.079146,-1.7736,1.3336,-1.3159,-1.9441,1.4868
-0.079546,-1.7745,1.3346,-1.3177,-1.9432,1.4864
-0.079941,-1.7753,1.3356,-1.3195,-1.9425,1.4861
-0.080332,-1.7761,1.3367,-1.3213,-1.9417,1.4857
-0.080718,-1.7769,1.3376,-1.323,-1.9409,1.4853
-0.081098,-1.7777,1.3386,-1.3247,-1.9401,1.485
-0.081473,-1.7784,1.3396,-1.3264,-1.9394,1.4846
-0.081841,-1.7792,1.3405,-1.328,-1.9386,1.4843
-0.082202,-1.7799,1.3414,-1.3296,-1.9379,1.4839
-0.082557,-1.7806,1.3423,-1.3312,-1.9372,1.4836
-0.082904,-1.7813,1.3432,-1.3328,-1.9365,1.4833
-0.083243,-1.782,1.3441,-1.3343,-1.9358,1.483
-0.083574,-1.7827,1.3449,-1.3358,-1.9351,1.4827
-0.083899,-1.7833,1.3458,-1.3372,-1.9345,1.4823
-0.084219,-1.784,1.3466,-1.3386,-1.9338,1.482
-0.084534,-1.7846,1.3474,-1.3401,-1.9332,1.4818
-0.084846,-1.7853,1.3482,-1.3414,-1.9326,1.4815
-0.085155,-1.7859,1.349,-1.3428,-1.932,1.4812
-0.085464,-1.7865,1.3498,-1.3442,-1.9313,1.4809
-0.085771,-1.7871,1.3506,-1.3455,-1.9307,1.4806
-0.08608,-1.7877,1.3513,-1.3469,-1.9301,1.4803
-0.086391,-1.7883,1.3521,-1.3482,-1.9295,1.48
-0.086704,-1.7889,1.3529,-1.3496,-1.9289,1.4797
-0.087022,-1.7896,1.3536,-1.3509,-1.9282,1.4795
-0.087344,-1.7902,1.3544,-1.3523,-1.9276,1.4792
-0.087673,-1.7908,1.3552,-1.3536,-1.9269,1.4789
-0.088009,-1.7914,1.356,-1.355,-1.9262,1.4785
-0.088353,-1.792,1.3568,-1.3564,-1.9256,1.4782
-0.088706,-1.7927,1.3576,-1.3578,-1.9249,1.4779
-0.089069,-1.7933,1.3584,-1.3592,-1.9241,1.4776
-0.089444,-1.794,1.3592,-1.3606,-1.9234,1.4772
-0.089831,-1.7946,1.3601,-1.3621,-1.9226,1.4769
-0.090232,-1.7953,1.3609,-1.3635,-1.9218,1.4765
-0.090647,-1.796,1.3618,-1.3651,-1.921,1.4761
-0.091077,-1.7967,1.3627,-1.3666,-1.9201,1.4757
-0.091524,-1.7975,1.3636,-1.3682,-1.9192,1.4753
-0.091989,-1.7982,1.3645,-1.3698,-1.9183,1.4749
-0.092472,-1.799,1.3655,-1.3715,-1.9173,1.4745
-0.092974,-1.7998,1.3664,-1.3732,-1.9163,1.474
-0.093493,-1.8006,1.3674,-1.3749,-1.9153,1.4735
-0.094031,-1.8014,1.3684,-1.3767,-1.9142,1.473
-0.094585,-1.8022,1.3695,-1.3785,-1.9131,1.4725
-0.095157,-1.8031,1.3705,-1.3803,-1.912,1.472
-0.095746,-1.804,1.3716,-1.3822,-1.9108,1.4715
-0.096351,-1.8048,1.3727,-1.3841,-1.9096,1.4709
-0.096972,-1.8057,1.3737,-1.386,-1.9084,1.4703
-0.097608,-1.8066,1.3749,-1.3879,-1.9071,1.4698
-0.09826,-1.8076,1.376,-1.3899,-1.9058,1.4692
-0.098928,-1.8085,1.3771,-1.3918,-1.9045,1.4686
-0.09961,-1.8094,1.3782,-1.3938,-1.9031,1.4679
-0.10031,-1.8104,1.3794,-1.3958,-1.9018,1.4673
-0.10102,-1.8114,1.3805,-1.3979,-1.9003,1.4667
-0.10174,-1.8123,1.3817,-1.3999,-1.8989,1.466
-0.10248,-1.8133,1.3829,-1.4019,-1.8975,1.4653
-0.10323,-1.8143,1.384,-1.404,-1.896,1.4647
-0.10399,-1.8152,1.3852,-1.406,-1.8945,1.464
-0.10477,-1.8162,1.3864,-1.408,-1.8929,1.4633
-0.10556,-1.8172,1.3875,-1.4101,-1.8914,1.4626
-0.10636,-1.8182,1.3887,-1.4121,-1.8898,1.4618
-0.10717,-1.8192,1.3899,-1.4142,-1.8882,1.4611
-0.10799,-1.8202,1.391,-1.4162,-1.8866,1.4604
-0.10883,-1.8212,1.3922,-1.4182,-1.8849,1.4596
-0.10967,-1.8221,1.3933,-1.4202,-1.8833,1.4589
-0.11052,-1.8231,1.3945,-1.4222,-1.8816,1.4581
-0.11139,-1.8241,1.3956,-1.4242,-1.8799,1.4574
-0.11226,-1.8251,1.3968,-1.4261,-1.8782,1.4566
-0.11313,-1.826,1.3979,-1.4281,-1.8765,1.4558
-0.11401,-1.827,1.399,-1.43,-1.8748,1.455
-0.1149,-1.828,1.4001,-1.4319,-1.873,1.4542
-0.11579,-1.8289,1.4012,-1.4338,-1.8713,1.4535
-0.11668,-1.8299,1.4023,-1.4357,-1.8696,1.4527
-0.11757,-1.8308,1.4033,-1.4375,-1.8678,1.4519
-0.11846,-1.8317,1.4044,-1.4394,-1.8661,1.4511
-0.11934,-1.8326,1.4054,-1.4412,-1.8644,1.4503
-0.12023,-1.8335,1.4065,-1.4429,-1.8626,1.4496
-0.12111,-1.8344,1.4075,-1.4447,-1.8609,1.4488
-0.12198,-1.8353,1.4085,-1.4464,-1.8592,1.448
-0.12285,-1.8361,1.4094,-1.4481,-1.8575,1.4473
-0.12371,-1.837,1.4104,-1.4497,-1.8558,1.4465
-0.12456,-1.8378,1.4113,-1.4514,-1.8542,1.4458
-0.12541,-1.8386,1.4123,-1.4529,-1.8526,1.445
-0.12624,-1.8394,1.4132,-1.4545,-1.8509,1.4443
-0.12705,-1.8402,1.4141,-1.456,-1.8493,1.4436
-0.12786,-1.841,1.4149,-1.4575,-1.8478,1.4429
-0.12865,-1.8417,1.4158,-1.4589,-1.8462,1.4422
-0.12942,-1.8425,1.4166,-1.4604,-1.8447,1.4415
-0.13018,-1.8432,1.4174,-1.4617,-1.8433,1.4409
-0.13092,-1.8439,1.4182,-1.463,-1.8418,1.4402
-0.13164,-1.8445,1.4189,-1.4643,-1.8404,1.4396
-0.13235,-1.8452,1.4197,-1.4656,-1.8391,1.439
-0.13303,-1.8458,1.4204,-1.4668,-1.8378,1.4384
-0.1337,-1.8464,1.4211,-1.4679,-1.8365,1.4378
-0.13436,-1.847,1.4217,-1.4691,-1.8352,1.4373
-0.13501,-1.8476,1.4224,-1.4702,-1.8339,1.4367
-0.13565,-1.8482,1.423,-1.4713,-1.8327,1.4361
-0.13628,-1.8487,1.4237,-1.4723,-1.8315,1.4356
-0.1369,-1.8493,1.4243,-1.4734,-1.8303,1.4351
-0.13751,-1.8498,1.4249,-1.4744,-1.8291,1.4346
-0.13812,-1.8504,1.4255,-1.4754,-1.8279,1.434
-0.13873,-1.8509,1.4261,-1.4764,-1.8268,1.4335
-0.13933,-1.8514,1.4266,-1.4773,-1.8256,1.433
-0.13994,-1.8519,1.4272,-1.4783,-1.8244,1.4325
-0.14054,-1.8524,1.4278,-1.4792,-1.8233,1.432
-0.14115,-1.8529,1.4284,-1.4802,-1.8221,1.4314
-0.14176,-1.8534,1.4289,-1.4811,-1.8209,1.4309
-0.14238,-1.8539,1.4295,-1.482,-1.8197,1.4304
-0.143,-1.8544,1.4301,-1.483,-1.8185,1.4299
-0.14363,-1.855,1.4306,-1.4839,-1.8173,1.4293
-0.14427,-1.8555,1.4312,-1.4849,-1.8161,1.4288
-0.14493,-1.856,1.4318,-1.4858,-1.8148,1.4282
-0.14559,-1.8565,1.4324,-1.4868,-1.8136,1.4277
-0.14627,-1.8571,1.433,-1.4878,-1.8123,1.4271
-0.14696,-1.8576,1.4336,-1.4888,-1.8109,1.4265
-0.14768,-1.8582,1.4342,-1.4898,-1.8096,1.4259
-0.1484,-1.8587,1.4348,-1.4908,-1.8082,1.4253
-0.14915,-1.8593,1.4355,-1.4919,-1.8068,1.4246
-0.14991,-1.8599,1.4362,-1.4929,-1.8053,1.424
-0.1507,-1.8605,1.4368,-1.494,-1.8038,1.4233
-0.1515,-1.8611,1.4375,-1.4951,-1.8023,1.4227
-0.15232,-1.8618,1.4382,-1.4962,-1.8007,1.422
-0.15316,-1.8624,1.4389,-1.4973,-1.7991,1.4212
-0.15402,-1.8631,1.4396,-1.4985,-1.7975,1.4205
-0.1549,-1.8637,1.4403,-1.4996,-1.7958,1.4198
-0.1558,-1.8644,1.441,-1.5008,-1.7941,1.419
-0.15672,-1.865,1.4417,-1.5019,-1.7923,1.4182
-0.15766,-1.8657,1.4425,-1.5031,-1.7906,1.4174
-0.15862,-1.8664,1.4432,-1.5043,-1.7887,1.4166
-0.15961,-1.8671,1.444,-1.5054,-1.7869,1.4158
-0.16061,-1.8678,1.4447,-1.5066,-1.7849,1.4149
-0.16164,-1.8685,1.4455,-1.5078,-1.783,1.4141
-0.16269,-1.8692,1.4462,-1.509,-1.781,1.4132
-0.16377,-1.87,1.447,-1.5102,-1.779,1.4123
-0.16487,-1.8707,1.4477,-1.5114,-1.7769,1.4113
-0.16599,-1.8714,1.4485,-1.5126,-1.7748,1.4104
-0.16713,-1.8722,1.4493,-1.5138,-1.7726,1.4094
-0.1683,-1.8729,1.4501,-1.5149,-1.7704,1.4084
-0.1695,-1.8737,1.4508,-1.5161,-1.7681,1.4074
-0.17071,-1.8744,1.4516,-1.5173,-1.7658,1.4064
-0.17196,-1.8752,1.4524,-1.5185,-1.7635,1.4054
-0.17323,-1.8759,1.4531,-1.5196,-1.7611,1.4043
-0.17452,-1.8767,1.4539,-1.5208,-1.7586,1.4032
-0.17583,-1.8775,1.4547,-1.5219,-1.7562,1.4021
-0.17716,-1.8782,1.4554,-1.523,-1.7537,1.401
-0.17851,-1.879,1.4562,-1.5242,-1.7511,1.3999
-0.17987,-1.8798,1.457,-1.5253,-1.7486,1.3987
-0.18125,-1.8805,1.4577,-1.5264,-1.746,1.3976
-0.18263,-1.8813,1.4585,-1.5275,-1.7434,1.3964
-0.18402,-1.8821,1.4592,-1.5285,-1.7408,1.3952
-0.18542,-1.8828,1.4599,-1.5296,-1.7381,1.3941
-0.18682,-1.8836,1.4607,-1.5306,-1.7355,1.3929
-0.18822,-1.8843,1.4614,-1.5316,-1.7329,1.3917
-0.18962,-1.8851,1.4621,-1.5326,-1.7303,1.3905
-0.19102,-1.8858,1.4628,-1.5336,-1.7276,1.3894
-0.19242,-1.8865,1.4635,-1.5345,-1.725,1.3882
-0.1938,-1.8872,1.4641,-1.5355,-1.7224,1.387
-0.19518,-1.8879,1.4648,-1.5364,-1.7199,1.3859
-0.19655,-1.8886,1.4654,-1.5373,-1.7173,1.3847
-0.1979,-1.8893,1.4661,-1.5381,-1.7148,1.3836
-0.19923,-1.8899,1.4667,-1.5389,-1.7123,1.3825
-0.20055,-1.8906,1.4673,-1.5397,-1.7098,1.3814
-0.20185,-1.8912,1.4679,-1.5405,-1.7074,1.3803
-0.20313,-1.8918,1.4684,-1.5413,-1.705,1.3792
-0.20438,-1.8924,1.469,-1.542,-1.7027,1.3782
-0.2056,-1.893,1.4695,-1.5427,-1.7004,1.3771
-0.2068,-1.8935,1.47,-1.5433,-1.6982,1.3761
-0.20797,-1.8941,1.4705,-1.5439,-1.696,1.3751
-0.20911,-1.8946,1.4709,-1.5445,-1.6939,1.3742
-0.21022,-1.8951,1.4714,-1.5451,-1.6918,1.3732
-0.21132,-1.8956,1.4718,-1.5456,-1.6898,1.3723
-0.21239,-1.896,1.4722,-1.5461,-1.6878,1.3714
-0.21344,-1.8965,1.4726,-1.5466,-1.6859,1.3705
-0.21446,-1.8969,1.473,-1.547,-1.684,1.3697
-0.21547,-1.8974,1.4734,-1.5475,-1.6821,1.3688
-0.21647,-1.8978,1.4738,-1.5479,-1.6803,1.368
-0.21744,-1.8982,1.4741,-1.5483,-1.6784,1.3672
-0.21841,-1.8986,1.4745,-1.5487,-1.6767,1.3664
-0.21936,-1.899,1.4748,-1.549,-1.6749,1.3656
-0.2203,-1.8994,1.4751,-1.5494,-1.6732,1.3648
-0.22122,-1.8997,1.4755,-1.5497,-1.6715,1.364
-0.22214,-1.9001,1.4758,-1.5501,-1.6698,1.3632
-0.22306,-1.9005,1.4761,-1.5504,-1.6681,1.3625
-0.22396,-1.9008,1.4764,-1.5507,-1.6664,1.3617
-0.22486,-1.9012,1.4767,-1.551,-1.6648,1.3609
-0.22576,-1.9015,1.477,-1.5513,-1.6631,1.3602
-0.22666,-1.9019,1.4773,-1.5516,-1.6615,1.3594
-0.22755,-1.9022,1.4776,-1.5519,-1.6599,1.3587
-0.22845,-1.9026,1.4779,-1.5522,-1.6582,1.3579
-0.22935,-1.9029,1.4782,-1.5525,-1.6566,1.3572
-0.23025,-1.9033,1.4785,-1.5528,-1.6549,1.3564
-0.23115,-1.9036,1.4788,-1.5531,-1.6532,1.3556
-0.23207,-1.904,1.4791,-1.5534,-1.6516,1.3549
-0.23298,-1.9043,1.4794,-1.5537,-1.6499,1.3541
-0.23391,-1.9047,1.4798,-1.554,-1.6482,1.3533
-0.23485,-1.9051,1.4801,-1.5543,-1.6465,1.3525
-0.2358,-1.9054,1.4804,-1.5547,-1.6447,1.3517
-0.23675,-1.9058,1.4807,-1.555,-1.643,1.3509
-0.23773,-1.9062,1.4811,-1.5553,-1.6412,1.3501
-0.23871,-1.9066,1.4814,-1.5556,-1.6394,1.3493
-0.23971,-1.9069,1.4817,-1.5559,-1.6375,1.3484
-0.24072,-1.9073,1.4821,-1.5562,-1.6357,1.3476
-0.24175,-1.9077,1.4824,-1.5565,-1.6338,1.3467
-0.2428,-1.9081,1.4827,-1.5568,-1.6319,1.3458
-0.24386,-1.9085,1.483,-1.557,-1.6299,1.3449
-0.24495,-1.9089,1.4834,-1.5573,-1.6279,1.344
-0.24606,-1.9093,1.4837,-1.5575,-1.6259,1.3431
-0.24718,-1.9096,1.484,-1.5578,-1.6239,1.3421
-0.24833,-1.91,1.4843,-1.558,-1.6218,1.3411
-0.24951,-1.9104,1.4847,-1.5582,-1.6196,1.3401
-0.2507,-1.9108,1.485,-1.5584,-1.6174,1.3391
-0.25193,-1.9112,1.4853,-1.5586,-1.6152,1.3381
-0.25318,-1.9116,1.4856,-1.5587,-1.6129,1.337
-0.25446,-1.912,1.4859,-1.5588,-1.6106,1.3359
-0.25576,-1.9124,1.4862,-1.5589,-1.6082,1.3348
-0.2571,-1.9128,1.4865,-1.559,-1.6058,1.3336
-0.25847,-1.9132,1.4868,-1.5591,-1.6033,1.3324
-0.25986,-1.9135,1.487,-1.5591,-1.6007,1.3312
-0.26129,-1.9139,1.4873,-1.5591,-1.5981,1.33
-0.26275,-1.9143,1.4876,-1.5591,-1.5955,1.3287
-0.26423,-1.9147,1.4878,-1.5591,-1.5928,1.3274
-0.26574,-1.9151,1.4881,-1.559,-1.5901,1.3261
-0.26728,-1.9155,1.4883,-1.559,-1.5873,1.3248
-0.26883,-1.9158,1.4886,-1.5589,-1.5845,1.3234
-0.2704,-1.9162,1.4888,-1.5587,-1.5816,1.3221
-0.27199,-1.9166,1.489,-1.5586,-1.5787,1.3207
-0.2736,-1.9169,1.4892,-1.5584,-1.5758,1.3193
-0.27522,-1.9173,1.4894,-1.5582,-1.5729,1.3178
-0.27685,-1.9177,1.4896,-1.558,-1.5699,1.3164
-0.2785,-1.918,1.4898,-1.5578,-1.567,1.315
-0.28015,-1.9184,1.49,-1.5575,-1.564,1.3135
-0.28181,-1.9187,1.4902,-1.5573,-1.561,1.312
-0.28347,-1.9191,1.4904,-1.557,-1.558,1.3106
-0.28514,-1.9194,1.4905,-1.5567,-1.5549,1.3091
-0.28681,-1.9197,1.4907,-1.5564,-1.5519,1.3076
-0.28848,-1.92,1.4908,-1.556,-1.5489,1.3061
-0.29015,-1.9204,1.491,-1.5557,-1.5459,1.3047
-0.29181,-1.9207,1.4911,-1.5553,-1.5429,1.3032
-0.29347,-1.921,1.4912,-1.555,-1.5399,1.3017
-0.29512,-1.9213,1.4913,-1.5546,-1.5369,1.3002
-0.29677,-1.9216,1.4914,-1.5542,-1.534,1.2988
-0.2984,-1.9218,1.4915,-1.5537,-1.531,1.2973
-0.30002,-1.9221,1.4916,-1.5533,-1.5281,1.2959
-0.30162,-1.9224,1.4917,-1.5529,-1.5252,1.2944
-0.30321,-1.9226,1.4918,-1.5524,-1.5224,1.293
-0.30478,-1.9229,1.4919,-1.5519,-1.5195,1.2916
-0.30633,-1.9231,1.4919,-1.5515,-1.5167,1.2902
-0.30786,-1.9234,1.492,-1.551,-1.514,1.2888
-0.30937,-1.9236,1.492,-1.5505,-1.5113,1.2874
-0.31085,-1.9238,1.492,-1.55,-1.5086,1.2861
-0.3123,-1.924,1.4921,-1.5494,-1.506,1.2848
-0.31372,-1.9242,1.4921,-1.5489,-1.5034,1.2835
-0.31512,-1.9244,1.4921,-1.5484,-1.5009,1.2822
-0.31648,-1.9245,1.4921,-1.5478,-1.4985,1.2809
-0.31781,-1.9247,1.4921,-1.5473,-1.4961,1.2797
-0.3191,-1.9248,1.4921,-1.5467,-1.4938,1.2785
-0.32035,-1.925,1.492,-1.5462,-1.4916,1.2774
-0.32157,-1.9251,1.492,-1.5456,-1.4894,1.2762
-0.32274,-1.9252,1.4919,-1.5451,-1.4873,1.2751
-0.32387,-1.9253,1.4919,-1.5445,-1.4853,1.2741
-0.32496,-1.9254,1.4918,-1.5439,-1.4833,1.273
-0.326,-1.9255,1.4917,-1.5433,-1.4815,1.272
-0.32699,-1.9255,1.4917,-1.5427,-1.4797,1.2711
-0.32793,-1.9256,1.4916,-1.5422,-1.478,1.2702
-0.32882,-1.9256,1.4915,-1.5416,-1.4764,1.2693
-0.32965,-1.9256,1.4914,-1.541,-1.475,1.2685
-0.33043,-1.9256,1.4912,-1.5404,-1.4736,1.2677
-0.33115,-1.9256,1.4911,-1.5398,-1.4723,1.267
